data,regiao,id_cliente,nome_cliente,produto,categoria,valor,renda_mensal
2024-01-01,Nordeste,117,Cliente 117,Produto_13,Limpeza,105.76,1040.31
2024-01-01,Centro-Oeste,112,Cliente 112,Produto_06,Alimentos,104.25,994.71
2024-01-01,Nordeste,58,Cliente 058,Produto_01,Bebidas,22.67,1306.03
2024-01-01,Centro-Oeste,118,Cliente 118,Produto_07,Alimentos,122.5,3505.88
2024-01-02,Centro-Oeste,9,Cliente 009,Produto_08,Alimentos,92.18,2692.74
2024-01-02,Sudeste,59,Cliente 059,Produto_14,Limpeza,112.56,2353.65
2024-01-03,Sudeste,23,Cliente 023,Produto_07,Alimentos,82.48,2618.46
2024-01-04,Norte,100,Cliente 100,Produto_09,Higiene,36.87,3610.95
2024-01-04,Nordeste,74,Cliente 074,Produto_14,Limpeza,129.27,780.38
2024-01-04,Sul,106,Cliente 106,Produto_02,Bebidas,138.42,9272.59
2024-01-05,Centro-Oeste,118,Cliente 118,Produto_13,Limpeza,166.62,3505.88
2024-01-05,Sudeste,1,Cliente 001,Produto_02,Bebidas,83.07,2672.38
2024-01-05,Norte,82,Cliente 082,Produto_08,Alimentos,179.54,3632.77
2024-01-05,Norte,46,Cliente 046,Produto_10,Higiene,49.18,3120.34
2024-01-06,Sul,113,Cliente 113,Produto_04,Bebidas,163.68,7180.73
2024-01-06,Norte,87,Cliente 087,Produto_08,Alimentos,125.74,2068.87
2024-01-06,Centro-Oeste,55,Cliente 055,Produto_11,Higiene,161.31,4868.09
2024-01-07,Norte,82,Cliente 082,Produto_12,Limpeza,90.35,3632.77
2024-01-07,Sul,83,Cliente 083,Produto_04,Bebidas,90.17,3635.9
2024-01-07,Centro-Oeste,91,Cliente 091,Produto_10,Higiene,92.76,5257.22
2024-01-08,Sudeste,43,Cliente 043,Produto_12,Limpeza,255.76,3037.79
2024-01-08,Sul,13,Cliente 013,Produto_07,Alimentos,163.66,3118.4
2024-01-08,Centro-Oeste,27,Cliente 027,Produto_08,Alimentos,152.99,5430.32
2024-01-09,Sul,106,Cliente 106,Produto_11,Higiene,71.84,9272.59
2024-01-09,Centro-Oeste,94,Cliente 094,Produto_03,Bebidas,157.13,2589.29
2024-01-09,Centro-Oeste,55,Cliente 055,Produto_02,Bebidas,245.21,4868.09
2024-01-09,Norte,56,Cliente 056,Produto_06,Alimentos,146.72,3387.57
2024-01-09,Nordeste,16,Cliente 016,Produto_08,Alimentos,186.65,1770.69
2024-01-09,Nordeste,6,Cliente 006,Produto_05,Alimentos,92.33,1648.8
2024-01-10,Centro-Oeste,8,Cliente 008,Produto_06,Alimentos,65.27,3192.19
2024-01-10,Centro-Oeste,107,Cliente 107,Produto_03,Bebidas,132.06,5079.71
2024-01-10,Sul,13,Cliente 013,Produto_03,Bebidas,112.27,3118.4
2024-01-11,Sudeste,103,Cliente 103,Produto_13,Limpeza,157.56,1436.25
2024-01-11,Centro-Oeste,110,Cliente 110,Produto_13,Limpeza,158.31,3461.7
2024-01-11,Nordeste,45,Cliente 045,Produto_13,Limpeza,60.22,3653.07
2024-01-12,Sudeste,33,Cliente 033,Produto_12,Limpeza,112.16,538.98
2024-01-12,Sudeste,23,Cliente 023,Produto_12,Limpeza,108.44,2618.46
2024-01-12,Norte,34,Cliente 034,Produto_05,Alimentos,16.54,2635.14
2024-01-12,Norte,119,Cliente 119,Produto_14,Limpeza,113.0,2637.62
2024-01-12,Nordeste,58,Cliente 058,Produto_01,Bebidas,138.31,1306.03
2024-01-13,Sudeste,20,Cliente 020,Produto_02,Bebidas,158.0,2358.59
2024-01-13,Sul,113,Cliente 113,Produto_13,Limpeza,17.64,7180.73
2024-01-13,Norte,19,Cliente 019,Produto_05,Alimentos,97.76,3032.65
2024-01-13,Norte,100,Cliente 100,Produto_06,Alimentos,137.74,3610.95
2024-01-13,Nordeste,98,Cliente 098,Produto_01,Bebidas,173.85,1257.91
2024-01-13,Sudeste,11,Cliente 011,Produto_08,Alimentos,218.56,1372.03
2024-01-14,Norte,102,Cliente 102,Produto_12,Limpeza,70.66,1688.45
2024-01-14,Centro-Oeste,118,Cliente 118,Produto_06,Alimentos,32.36,3505.88
2024-01-14,Nordeste,74,Cliente 074,Produto_01,Bebidas,121.28,780.38
2024-01-14,Sudeste,51,Cliente 051,Produto_13,Limpeza,132.54,8133.11
2024-01-15,Norte,77,Cliente 077,Produto_13,Limpeza,128.28,2614.42
2024-01-15,Nordeste,117,Cliente 117,Produto_11,Higiene,67.68,1040.31
2024-01-16,Centro-Oeste,96,Cliente 096,Produto_14,Limpeza,145.7,271.52
2024-01-16,Centro-Oeste,55,Cliente 055,Produto_07,Alimentos,53.29,4868.09
2024-01-16,Nordeste,117,Cliente 117,Produto_13,Limpeza,115.83,1040.31
2024-01-16,Sudeste,62,Cliente 062,Produto_06,Alimentos,84.18,6503.29
2024-01-16,Centro-Oeste,91,Cliente 091,Produto_01,Bebidas,131.39,5257.22
2024-01-16,Nordeste,44,Cliente 044,Produto_13,Limpeza,144.71,4340.18
2024-01-17,Sul,73,Cliente 073,Produto_12,Limpeza,118.31,2937.93
2024-01-17,Nordeste,58,Cliente 058,Produto_09,Higiene,194.7,1306.03
2024-01-18,Nordeste,14,Cliente 014,Produto_05,Alimentos,69.57,3040.37
2024-01-19,Norte,25,Cliente 025,Produto_13,Limpeza,85.37,2145.69
2024-01-19,Sudeste,89,Cliente 089,Produto_07,Alimentos,75.56,347.23
2024-01-19,Norte,46,Cliente 046,Produto_13,Limpeza,67.62,3120.34
2024-01-19,Nordeste,65,Cliente 065,Produto_11,Higiene,171.04,946.78
2024-01-19,Centro-Oeste,31,Cliente 031,Produto_03,Bebidas,50.65,1030.59
2024-01-20,Sudeste,69,Cliente 069,Produto_08,Alimentos,123.24,3532.96
2024-01-20,Sul,106,Cliente 106,Produto_04,Bebidas,163.88,9272.59
2024-01-20,Norte,71,Cliente 071,Produto_10,Higiene,189.55,1192.59
2024-01-20,Centro-Oeste,31,Cliente 031,Produto_02,Bebidas,184.43,1030.59
2024-01-21,Sudeste,41,Cliente 041,Produto_06,Alimentos,51.98,500.37
2024-01-21,Sudeste,66,Cliente 066,Produto_14,Limpeza,180.96,3555.53
2024-01-22,Sudeste,1,Cliente 001,Produto_09,Higiene,211.36,2672.38
2024-01-22,Sudeste,43,Cliente 043,Produto_12,Limpeza,191.34,3037.79
2024-01-23,Norte,88,Cliente 088,Produto_01,Bebidas,85.45,10194.8
2024-01-23,Sudeste,101,Cliente 101,Produto_05,Alimentos,210.95,4579.22
2024-01-24,Centro-Oeste,9,Cliente 009,Produto_07,Alimentos,57.15,2692.74
2024-01-25,Sul,22,Cliente 022,Produto_01,Bebidas,173.28,2449.01
2024-01-26,Sul,18,Cliente 018,Produto_13,Limpeza,75.8,3366.91
2024-01-26,Nordeste,60,Cliente 060,Produto_07,Alimentos,138.37,3220.54
2024-01-26,Norte,111,Cliente 111,Produto_07,Alimentos,139.86,4320.1
2024-01-26,Centro-Oeste,37,Cliente 037,Produto_06,Alimentos,193.36,1269.3
2024-01-27,Norte,42,Cliente 042,Produto_05,Alimentos,42.9,2874.86
2024-01-27,Nordeste,6,Cliente 006,Produto_06,Alimentos,106.23,1648.8
2024-01-27,Centro-Oeste,35,Cliente 035,Produto_13,Limpeza,215.05,1108.77
2024-01-27,Norte,100,Cliente 100,Produto_10,Higiene,126.08,3610.95
2024-01-28,Sudeste,69,Cliente 069,Produto_05,Alimentos,37.86,3532.96
2024-01-28,Sudeste,43,Cliente 043,Produto_09,Higiene,58.94,3037.79
2024-01-28,Nordeste,98,Cliente 098,Produto_03,Bebidas,182.6,1257.91
2024-01-28,Centro-Oeste,109,Cliente 109,Produto_13,Limpeza,99.87,1364.75
2024-01-29,Sul,73,Cliente 073,Produto_10,Higiene,7.89,2937.93
2024-01-29,Sul,97,Cliente 097,Produto_05,Alimentos,237.61,2878.73
2024-01-30,Sudeste,66,Cliente 066,Produto_09,Higiene,149.84,3555.53
2024-01-30,Sul,22,Cliente 022,Produto_11,Higiene,172.01,2449.01
2024-01-30,Sudeste,43,Cliente 043,Produto_13,Limpeza,116.98,3037.79
2024-01-30,Norte,46,Cliente 046,Produto_04,Bebidas,130.91,3120.34
2024-01-31,Norte,71,Cliente 071,Produto_09,Higiene,99.68,1192.59
2024-02-02,Sul,81,Cliente 081,Produto_11,Higiene,158.71,3635.87
2024-02-02,Sudeste,62,Cliente 062,Produto_03,Bebidas,32.29,6503.29
2024-02-03,Sudeste,15,Cliente 015,Produto_01,Bebidas,90.02,638.77
2024-02-03,Nordeste,65,Cliente 065,Produto_04,Bebidas,75.31,946.78
2024-02-03,Norte,42,Cliente 042,Produto_08,Alimentos,94.76,2874.86
2024-02-03,Nordeste,98,Cliente 098,Produto_09,Higiene,214.06,1257.91
2024-02-04,Nordeste,60,Cliente 060,Produto_12,Limpeza,76.65,3220.54
2024-02-05,Sul,10,Cliente 010,Produto_12,Limpeza,135.05,4884.02
2024-02-05,Nordeste,68,Cliente 068,Produto_13,Limpeza,154.31,4153.22
2024-02-05,Nordeste,58,Cliente 058,Produto_07,Alimentos,148.18,1306.03
2024-02-06,Centro-Oeste,118,Cliente 118,Produto_08,Alimentos,161.95,3505.88
2024-02-06,Nordeste,65,Cliente 065,Produto_01,Bebidas,93.88,946.78
2024-02-07,Sudeste,30,Cliente 030,Produto_06,Alimentos,167.11,649.37
2024-02-07,Sul,54,Cliente 054,Produto_10,Higiene,67.44,4354.92
2024-02-07,Centro-Oeste,112,Cliente 112,Produto_14,Limpeza,119.58,994.71
2024-02-07,Nordeste,68,Cliente 068,Produto_07,Alimentos,158.17,4153.22
2024-02-08,Sul,72,Cliente 072,Produto_08,Alimentos,170.82,564.3
2024-02-08,Nordeste,44,Cliente 044,Produto_08,Alimentos,121.86,4340.18
2024-02-08,Sul,13,Cliente 013,Produto_01,Bebidas,53.72,3118.4
2024-02-08,Centro-Oeste,55,Cliente 055,Produto_07,Alimentos,206.29,4868.09
2024-02-08,Sul,10,Cliente 010,Produto_13,Limpeza,89.58,4884.02
2024-02-10,Norte,56,Cliente 056,Produto_10,Higiene,133.11,3387.57
2024-02-10,Sul,5,Cliente 005,Produto_05,Alimentos,293.35,1238.45
2024-02-10,Sudeste,30,Cliente 030,Produto_09,Higiene,165.85,649.37
2024-02-10,Centro-Oeste,8,Cliente 008,Produto_13,Limpeza,50.84,3192.19
2024-02-12,Sul,81,Cliente 081,Produto_05,Alimentos,176.91,3635.87
2024-02-12,Sudeste,79,Cliente 079,Produto_03,Bebidas,176.73,5238.49
2024-02-13,Norte,24,Cliente 024,Produto_06,Alimentos,147.72,10947.0
2024-02-13,Sudeste,23,Cliente 023,Produto_04,Bebidas,47.43,2618.46
2024-02-13,Nordeste,67,Cliente 067,Produto_04,Bebidas,113.28,2091.75
2024-02-13,Nordeste,14,Cliente 014,Produto_11,Higiene,73.63,3040.37
2024-02-14,Sul,84,Cliente 084,Produto_10,Higiene,110.89,4839.84
2024-02-14,Sudeste,78,Cliente 078,Produto_10,Higiene,144.11,875.58
2024-02-14,Nordeste,6,Cliente 006,Produto_09,Higiene,186.81,1648.8
2024-02-14,Sul,63,Cliente 063,Produto_09,Higiene,33.88,3917.87
2024-02-15,Sudeste,17,Cliente 017,Produto_02,Bebidas,236.33,2200.5
2024-02-15,Centro-Oeste,9,Cliente 009,Produto_03,Bebidas,133.08,2692.74
2024-02-15,Nordeste,60,Cliente 060,Produto_04,Bebidas,181.98,3220.54
2024-02-15,Nordeste,49,Cliente 049,Produto_04,Bebidas,203.73,3111.56
2024-02-16,Sudeste,29,Cliente 029,Produto_09,Higiene,146.77,6319.21
2024-02-17,Sul,113,Cliente 113,Produto_03,Bebidas,140.72,7180.73
2024-02-17,Nordeste,64,Cliente 064,Produto_04,Bebidas,104.34,1180.38
2024-02-17,Nordeste,64,Cliente 064,Produto_03,Bebidas,123.03,1180.38
2024-02-18,Norte,95,Cliente 095,Produto_08,Alimentos,214.2,1438.57
2024-02-18,Sudeste,51,Cliente 051,Produto_08,Alimentos,239.49,8133.11
2024-02-18,Nordeste,117,Cliente 117,Produto_08,Alimentos,59.19,1040.31
2024-02-18,Centro-Oeste,114,Cliente 114,Produto_11,Higiene,173.29,627.32
2024-02-19,Norte,119,Cliente 119,Produto_08,Alimentos,153.3,2637.62
2024-02-20,Nordeste,76,Cliente 076,Produto_14,Limpeza,170.59,2809.66
2024-02-20,Norte,102,Cliente 102,Produto_13,Limpeza,93.57,1688.45
2024-02-20,Nordeste,98,Cliente 098,Produto_12,Limpeza,166.79,1257.91
2024-02-20,Nordeste,49,Cliente 049,Produto_10,Higiene,208.32,3111.56
2024-02-20,Sudeste,59,Cliente 059,Produto_12,Limpeza,170.77,2353.65
2024-02-22,Sul,13,Cliente 013,Produto_04,Bebidas,130.22,3118.4
2024-02-22,Centro-Oeste,35,Cliente 035,Produto_13,Limpeza,115.98,1108.77
2024-02-22,Sudeste,29,Cliente 029,Produto_14,Limpeza,125.74,6319.21
2024-02-23,Nordeste,44,Cliente 044,Produto_09,Higiene,96.35,4340.18
2024-02-23,Nordeste,21,Cliente 021,Produto_06,Alimentos,142.69,321.16
2024-02-24,Sudeste,66,Cliente 066,Produto_12,Limpeza,119.62,3555.53
2024-02-24,Sul,83,Cliente 083,Produto_10,Higiene,53.23,3635.9
2024-02-24,Nordeste,6,Cliente 006,Produto_06,Alimentos,20.33,1648.8
2024-02-24,Norte,92,Cliente 092,Produto_03,Bebidas,134.74,1354.9
2024-02-24,Nordeste,28,Cliente 028,Produto_03,Bebidas,137.98,4257.11
2024-02-25,Sul,113,Cliente 113,Produto_09,Higiene,112.32,7180.73
2024-02-25,Sudeste,1,Cliente 001,Produto_07,Alimentos,120.96,2672.38
2024-02-26,Centro-Oeste,118,Cliente 118,Produto_14,Limpeza,22.87,3505.88
2024-02-27,Sul,75,Cliente 075,Produto_13,Limpeza,153.0,1149.31
2024-02-27,Norte,100,Cliente 100,Produto_09,Higiene,131.25,3610.95
2024-02-28,Sul,63,Cliente 063,Produto_03,Bebidas,139.3,3917.87
2024-02-28,Centro-Oeste,93,Cliente 093,Produto_11,Higiene,131.7,4060.47
2024-02-28,Norte,24,Cliente 024,Produto_09,Higiene,179.63,10947.0
2024-02-28,Sudeste,66,Cliente 066,Produto_03,Bebidas,126.3,3555.53
2024-02-29,Norte,92,Cliente 092,Produto_05,Alimentos,87.15,1354.9
2024-03-01,Centro-Oeste,9,Cliente 009,Produto_10,Higiene,180.26,2692.74
2024-03-01,Sul,113,Cliente 113,Produto_13,Limpeza,113.49,7180.73
2024-03-01,Nordeste,61,Cliente 061,Produto_02,Bebidas,109.02,2525.26
2024-03-02,Centro-Oeste,107,Cliente 107,Produto_05,Alimentos,168.92,5079.71
2024-03-03,Sul,2,Cliente 002,Produto_08,Alimentos,104.97,1964.53
2024-03-03,Centro-Oeste,91,Cliente 091,Produto_10,Higiene,107.34,5257.22
2024-03-03,Sul,113,Cliente 113,Produto_02,Bebidas,205.13,7180.73
2024-03-04,Norte,46,Cliente 046,Produto_04,Bebidas,164.2,3120.34
2024-03-04,Nordeste,16,Cliente 016,Produto_09,Higiene,187.77,1770.69
2024-03-05,Nordeste,58,Cliente 058,Produto_11,Higiene,38.04,1306.03
2024-03-06,Sul,73,Cliente 073,Produto_14,Limpeza,169.76,2937.93
2024-03-09,Sul,2,Cliente 002,Produto_12,Limpeza,72.12,1964.53
2024-03-09,Sul,18,Cliente 018,Produto_11,Higiene,45.37,3366.91
2024-03-09,Centro-Oeste,12,Cliente 012,Produto_11,Higiene,92.86,1917.65
2024-03-09,Norte,119,Cliente 119,Produto_14,Limpeza,114.87,2637.62
2024-03-10,Centro-Oeste,35,Cliente 035,Produto_13,Limpeza,70.43,1108.77
2024-03-10,Centro-Oeste,7,Cliente 007,Produto_06,Alimentos,139.85,4724.66
2024-03-11,Nordeste,60,Cliente 060,Produto_12,Limpeza,196.99,3220.54
2024-03-11,Centro-Oeste,26,Cliente 026,Produto_03,Bebidas,129.79,3130.59
2024-03-11,Centro-Oeste,112,Cliente 112,Produto_05,Alimentos,164.18,994.71
2024-03-11,Centro-Oeste,110,Cliente 110,Produto_10,Higiene,180.45,3461.7
2024-03-12,Sudeste,66,Cliente 066,Produto_06,Alimentos,46.12,3555.53
2024-03-12,Sul,2,Cliente 002,Produto_14,Limpeza,41.97,1964.53
2024-03-13,Sul,97,Cliente 097,Produto_12,Limpeza,160.34,2878.73
2024-03-13,Nordeste,76,Cliente 076,Produto_13,Limpeza,116.55,2809.66
2024-03-13,Norte,34,Cliente 034,Produto_10,Higiene,172.54,2635.14
2024-03-14,Sudeste,79,Cliente 079,Produto_08,Alimentos,53.2,5238.49
2024-03-14,Sul,4,Cliente 004,Produto_09,Higiene,183.4,3257.27
2024-03-15,Nordeste,60,Cliente 060,Produto_14,Limpeza,142.04,3220.54
2024-03-15,Centro-Oeste,27,Cliente 027,Produto_11,Higiene,125.15,5430.32
2024-03-16,Nordeste,61,Cliente 061,Produto_11,Higiene,86.67,2525.26
2024-03-16,Sul,106,Cliente 106,Produto_11,Higiene,172.01,9272.59
2024-03-16,Centro-Oeste,110,Cliente 110,Produto_02,Bebidas,53.65,3461.7
2024-03-16,Norte,85,Cliente 085,Produto_11,Higiene,178.48,3985.46
2024-03-16,Centro-Oeste,93,Cliente 093,Produto_08,Alimentos,66.42,4060.47
2024-03-16,Sudeste,101,Cliente 101,Produto_12,Limpeza,73.38,4579.22
2024-03-17,Sudeste,57,Cliente 057,Produto_04,Bebidas,29.09,2054.28
2024-03-17,Sul,113,Cliente 113,Produto_07,Alimentos,229.22,7180.73
2024-03-17,Nordeste,120,Cliente 120,Produto_08,Alimentos,320.24,1825.61
2024-03-18,Centro-Oeste,31,Cliente 031,Produto_14,Limpeza,195.93,1030.59
2024-03-18,Sudeste,59,Cliente 059,Produto_08,Alimentos,129.41,2353.65
2024-03-19,Sudeste,43,Cliente 043,Produto_06,Alimentos,157.14,3037.79
2024-03-19,Norte,19,Cliente 019,Produto_14,Limpeza,66.53,3032.65
2024-03-20,Sudeste,80,Cliente 080,Produto_01,Bebidas,129.99,5146.29
2024-03-20,Nordeste,120,Cliente 120,Produto_06,Alimentos,145.38,1825.61
2024-03-20,Centro-Oeste,118,Cliente 118,Produto_13,Limpeza,13.63,3505.88
2024-03-21,Sudeste,79,Cliente 079,Produto_14,Limpeza,147.64,5238.49
2024-03-22,Centro-Oeste,26,Cliente 026,Produto_07,Alimentos,94.39,3130.59
2024-03-22,Sul,36,Cliente 036,Produto_12,Limpeza,149.53,6862.81
2024-03-23,Sudeste,23,Cliente 023,Produto_08,Alimentos,186.89,2618.46
2024-03-23,Sudeste,66,Cliente 066,Produto_07,Alimentos,71.01,3555.53
2024-03-24,Sudeste,23,Cliente 023,Produto_13,Limpeza,116.93,2618.46
2024-03-24,Nordeste,47,Cliente 047,Produto_10,Higiene,40.62,1400.82
2024-03-25,Centro-Oeste,26,Cliente 026,Produto_14,Limpeza,125.92,3130.59
2024-03-25,Nordeste,76,Cliente 076,Produto_04,Bebidas,14.24,2809.66
2024-03-25,Sul,72,Cliente 072,Produto_08,Alimentos,205.39,564.3
2024-03-26,Norte,46,Cliente 046,Produto_12,Limpeza,175.59,3120.34
2024-03-26,Sul,84,Cliente 084,Produto_06,Alimentos,118.93,4839.84
2024-03-26,Centro-Oeste,109,Cliente 109,Produto_13,Limpeza,65.25,1364.75
2024-03-27,Nordeste,47,Cliente 047,Produto_08,Alimentos,61.02,1400.82
2024-03-27,Nordeste,99,Cliente 099,Produto_01,Bebidas,91.55,2284.33
2024-03-28,Sul,4,Cliente 004,Produto_14,Limpeza,210.26,3257.27
2024-03-29,Nordeste,6,Cliente 006,Produto_14,Limpeza,157.53,1648.8
2024-03-29,Sul,5,Cliente 005,Produto_05,Alimentos,126.26,1238.45
2024-03-29,Nordeste,45,Cliente 045,Produto_11,Higiene,64.83,3653.07
2024-03-30,Nordeste,99,Cliente 099,Produto_09,Higiene,137.52,2284.33
2024-03-30,Sudeste,66,Cliente 066,Produto_01,Bebidas,91.66,3555.53
2024-03-30,Nordeste,104,Cliente 104,Produto_06,Alimentos,210.84,766.96
2024-03-30,Norte,88,Cliente 088,Produto_10,Higiene,154.77,10194.8
2024-03-31,Norte,111,Cliente 111,Produto_02,Bebidas,22.17,4320.1
2024-03-31,Norte,25,Cliente 025,Produto_06,Alimentos,155.26,2145.69
2024-04-01,Sudeste,69,Cliente 069,Produto_01,Bebidas,198.8,3532.96
2024-04-02,Sudeste,33,Cliente 033,Produto_09,Higiene,55.4,538.98
2024-04-02,Nordeste,58,Cliente 058,Produto_02,Bebidas,121.86,1306.03
2024-04-02,Nordeste,74,Cliente 074,Produto_06,Alimentos,204.59,780.38
2024-04-02,Sudeste,30,Cliente 030,Produto_04,Bebidas,111.11,649.37
2024-04-02,Sul,63,Cliente 063,Produto_05,Alimentos,188.37,3917.87
2024-04-02,Sudeste,79,Cliente 079,Produto_03,Bebidas,253.59,5238.49
2024-04-03,Nordeste,44,Cliente 044,Produto_06,Alimentos,59.54,4340.18
2024-04-03,Centro-Oeste,109,Cliente 109,Produto_03,Bebidas,225.16,1364.75
2024-04-03,Nordeste,6,Cliente 006,Produto_06,Alimentos,117.69,1648.8
2024-04-04,Sudeste,70,Cliente 070,Produto_13,Limpeza,176.85,2361.6
2024-04-04,Sudeste,101,Cliente 101,Produto_14,Limpeza,199.05,4579.22
2024-04-04,Sul,97,Cliente 097,Produto_14,Limpeza,90.44,2878.73
2024-04-05,Norte,95,Cliente 095,Produto_13,Limpeza,42.46,1438.57
2024-04-05,Norte,100,Cliente 100,Produto_12,Limpeza,81.21,3610.95
2024-04-05,Nordeste,120,Cliente 120,Produto_06,Alimentos,80.36,1825.61
2024-04-05,Centro-Oeste,90,Cliente 090,Produto_05,Alimentos,210.46,1692.94
2024-04-06,Sudeste,53,Cliente 053,Produto_01,Bebidas,245.26,1047.69
2024-04-06,Centro-Oeste,9,Cliente 009,Produto_10,Higiene,98.59,2692.74
2024-04-06,Sul,4,Cliente 004,Produto_11,Higiene,41.21,3257.27
2024-04-06,Sudeste,59,Cliente 059,Produto_06,Alimentos,112.02,2353.65
2024-04-06,Sudeste,52,Cliente 052,Produto_14,Limpeza,10.73,3534.41
2024-04-07,Sul,72,Cliente 072,Produto_01,Bebidas,173.24,564.3
2024-04-07,Sudeste,66,Cliente 066,Produto_06,Alimentos,100.99,3555.53
2024-04-08,Sudeste,33,Cliente 033,Produto_11,Higiene,204.8,538.98
2024-04-08,Sul,75,Cliente 075,Produto_07,Alimentos,57.56,1149.31
2024-04-08,Sul,38,Cliente 038,Produto_10,Higiene,263.3,1926.75
2024-04-09,Nordeste,16,Cliente 016,Produto_04,Bebidas,105.46,1770.69
2024-04-09,Nordeste,99,Cliente 099,Produto_03,Bebidas,99.08,2284.33
2024-04-09,Sul,72,Cliente 072,Produto_02,Bebidas,77.99,564.3
2024-04-09,Sul,5,Cliente 005,Produto_08,Alimentos,148.06,1238.45
2024-04-09,Nordeste,28,Cliente 028,Produto_14,Limpeza,62.7,4257.11
2024-04-09,Nordeste,74,Cliente 074,Produto_14,Limpeza,134.81,780.38
2024-04-10,Sul,38,Cliente 038,Produto_13,Limpeza,108.61,1926.75
2024-04-12,Nordeste,21,Cliente 021,Produto_06,Alimentos,64.73,321.16
2024-04-12,Nordeste,117,Cliente 117,Produto_04,Bebidas,225.72,1040.31
2024-04-12,Nordeste,67,Cliente 067,Produto_10,Higiene,191.69,2091.75
2024-04-12,Sudeste,52,Cliente 052,Produto_06,Alimentos,76.87,3534.41
2024-04-13,Nordeste,60,Cliente 060,Produto_12,Limpeza,28.26,3220.54
2024-04-13,Sudeste,1,Cliente 001,Produto_12,Limpeza,131.41,2672.38
2024-04-13,Norte,46,Cliente 046,Produto_01,Bebidas,174.39,3120.34
2024-04-13,Sul,13,Cliente 013,Produto_03,Bebidas,172.0,3118.4
2024-04-15,Nordeste,45,Cliente 045,Produto_09,Higiene,201.63,3653.07
2024-04-15,Centro-Oeste,94,Cliente 094,Produto_02,Bebidas,166.77,2589.29
2024-04-15,Sul,54,Cliente 054,Produto_02,Bebidas,149.5,4354.92
2024-04-16,Sul,116,Cliente 116,Produto_10,Higiene,121.64,622.92
2024-04-16,Sul,10,Cliente 010,Produto_08,Alimentos,42.67,4884.02
2024-04-16,Sudeste,32,Cliente 032,Produto_10,Higiene,107.03,1555.9
2024-04-16,Norte,86,Cliente 086,Produto_07,Alimentos,216.47,1282.2
2024-04-17,Norte,19,Cliente 019,Produto_04,Bebidas,118.68,3032.65
2024-04-17,Sudeste,79,Cliente 079,Produto_03,Bebidas,53.62,5238.49
2024-04-18,Centro-Oeste,96,Cliente 096,Produto_01,Bebidas,89.03,271.52
2024-04-18,Sul,72,Cliente 072,Produto_14,Limpeza,100.19,564.3
2024-04-18,Centro-Oeste,8,Cliente 008,Produto_01,Bebidas,128.43,3192.19
2024-04-19,Sul,2,Cliente 002,Produto_06,Alimentos,35.37,1964.53
2024-04-19,Norte,88,Cliente 088,Produto_14,Limpeza,76.95,10194.8
2024-04-20,Sudeste,62,Cliente 062,Produto_10,Higiene,47.36,6503.29
2024-04-20,Nordeste,104,Cliente 104,Produto_12,Limpeza,106.45,766.96
2024-04-20,Sul,81,Cliente 081,Produto_07,Alimentos,116.17,3635.87
2024-04-20,Norte,88,Cliente 088,Produto_14,Limpeza,100.46,10194.8
2024-04-20,Sudeste,11,Cliente 011,Produto_13,Limpeza,176.24,1372.03
2024-04-21,Sul,63,Cliente 063,Produto_09,Higiene,55.69,3917.87
2024-04-21,Sul,13,Cliente 013,Produto_05,Alimentos,195.36,3118.4
2024-04-21,Centro-Oeste,55,Cliente 055,Produto_08,Alimentos,134.39,4868.09
2024-04-22,Centro-Oeste,37,Cliente 037,Produto_12,Limpeza,116.57,1269.3
2024-04-22,Nordeste,6,Cliente 006,Produto_05,Alimentos,38.71,1648.8
2024-04-22,Norte,82,Cliente 082,Produto_09,Higiene,172.68,3632.77
2024-04-22,Nordeste,6,Cliente 006,Produto_05,Alimentos,101.52,1648.8
2024-04-22,Centro-Oeste,109,Cliente 109,Produto_07,Alimentos,108.02,1364.75
2024-04-22,Nordeste,14,Cliente 014,Produto_06,Alimentos,103.41,3040.37
2024-04-22,Centro-Oeste,8,Cliente 008,Produto_06,Alimentos,107.51,3192.19
2024-04-23,Norte,56,Cliente 056,Produto_11,Higiene,169.52,3387.57
2024-04-23,Nordeste,67,Cliente 067,Produto_09,Higiene,213.76,2091.75
2024-04-23,Sudeste,80,Cliente 080,Produto_09,Higiene,87.98,5146.29
2024-04-23,Nordeste,28,Cliente 028,Produto_06,Alimentos,129.01,4257.11
2024-04-24,Centro-Oeste,26,Cliente 026,Produto_08,Alimentos,23.06,3130.59
2024-04-25,Nordeste,104,Cliente 104,Produto_03,Bebidas,70.66,766.96
2024-04-25,Sudeste,15,Cliente 015,Produto_10,Higiene,157.71,638.77
2024-04-26,Nordeste,49,Cliente 049,Produto_10,Higiene,6.7,3111.56
2024-04-27,Centro-Oeste,27,Cliente 027,Produto_10,Higiene,46.18,5430.32
2024-04-27,Centro-Oeste,7,Cliente 007,Produto_02,Bebidas,175.16,4724.66
2024-04-27,Nordeste,28,Cliente 028,Produto_07,Alimentos,158.13,4257.11
2024-04-27,Norte,25,Cliente 025,Produto_12,Limpeza,105.79,2145.69
2024-04-28,Centro-Oeste,112,Cliente 112,Produto_12,Limpeza,128.49,994.71
2024-04-28,Sudeste,29,Cliente 029,Produto_03,Bebidas,68.92,6319.21
2024-04-30,Sudeste,70,Cliente 070,Produto_04,Bebidas,105.78,2361.6
2024-05-01,Sul,10,Cliente 010,Produto_10,Higiene,158.0,4884.02
2024-05-01,Centro-Oeste,35,Cliente 035,Produto_07,Alimentos,178.76,1108.77
2024-05-01,Nordeste,40,Cliente 040,Produto_12,Limpeza,102.26,793.71
2024-05-01,Norte,82,Cliente 082,Produto_04,Bebidas,96.75,3632.77
2024-05-02,Norte,92,Cliente 092,Produto_05,Alimentos,110.28,1354.9
2024-05-04,Sudeste,70,Cliente 070,Produto_08,Alimentos,191.84,2361.6
2024-05-04,Norte,86,Cliente 086,Produto_13,Limpeza,115.42,1282.2
2024-05-04,Norte,77,Cliente 077,Produto_01,Bebidas,73.05,2614.42
2024-05-04,Sul,36,Cliente 036,Produto_09,Higiene,71.73,6862.81
2024-05-05,Sudeste,69,Cliente 069,Produto_12,Limpeza,22.93,3532.96
2024-05-05,Sul,113,Cliente 113,Produto_07,Alimentos,113.67,7180.73
2024-05-05,Nordeste,64,Cliente 064,Produto_08,Alimentos,64.79,1180.38
2024-05-06,Sudeste,53,Cliente 053,Produto_05,Alimentos,185.9,1047.69
2024-05-06,Norte,92,Cliente 092,Produto_05,Alimentos,77.04,1354.9
2024-05-07,Nordeste,99,Cliente 099,Produto_07,Alimentos,11.95,2284.33
2024-05-09,Norte,87,Cliente 087,Produto_04,Bebidas,60.36,2068.87
2024-05-09,Centro-Oeste,12,Cliente 012,Produto_09,Higiene,197.3,1917.65
2024-05-10,Sudeste,78,Cliente 078,Produto_10,Higiene,112.1,875.58
2024-05-11,Sudeste,108,Cliente 108,Produto_14,Limpeza,132.9,5843.4
2024-05-11,Sudeste,17,Cliente 017,Produto_10,Higiene,148.63,2200.5
2024-05-11,Sul,48,Cliente 048,Produto_04,Bebidas,90.09,2977.27
2024-05-12,Norte,111,Cliente 111,Produto_01,Bebidas,233.33,4320.1
2024-05-12,Norte,82,Cliente 082,Produto_02,Bebidas,96.66,3632.77
2024-05-12,Sudeste,17,Cliente 017,Produto_14,Limpeza,134.32,2200.5
2024-05-13,Centro-Oeste,8,Cliente 008,Produto_01,Bebidas,56.27,3192.19
2024-05-13,Sudeste,11,Cliente 011,Produto_10,Higiene,218.92,1372.03
2024-05-14,Nordeste,64,Cliente 064,Produto_12,Limpeza,155.3,1180.38
2024-05-14,Sudeste,29,Cliente 029,Produto_06,Alimentos,94.47,6319.21
2024-05-14,Centro-Oeste,93,Cliente 093,Produto_10,Higiene,151.97,4060.47
2024-05-15,Sul,63,Cliente 063,Produto_06,Alimentos,173.51,3917.87
2024-05-15,Sudeste,70,Cliente 070,Produto_11,Higiene,258.17,2361.6
2024-05-16,Sudeste,101,Cliente 101,Produto_05,Alimentos,122.84,4579.22
2024-05-16,Nordeste,67,Cliente 067,Produto_08,Alimentos,141.39,2091.75
2024-05-18,Sudeste,89,Cliente 089,Produto_13,Limpeza,152.55,347.23
2024-05-18,Sudeste,101,Cliente 101,Produto_06,Alimentos,175.87,4579.22
2024-05-18,Norte,82,Cliente 082,Produto_02,Bebidas,92.11,3632.77
2024-05-19,Centro-Oeste,55,Cliente 055,Produto_14,Limpeza,143.68,4868.09
2024-05-19,Nordeste,68,Cliente 068,Produto_06,Alimentos,155.45,4153.22
2024-05-20,Sudeste,89,Cliente 089,Produto_03,Bebidas,155.15,347.23
2024-05-20,Nordeste,67,Cliente 067,Produto_02,Bebidas,160.81,2091.75
2024-05-20,Nordeste,58,Cliente 058,Produto_14,Limpeza,142.93,1306.03
2024-05-21,Centro-Oeste,118,Cliente 118,Produto_01,Bebidas,287.41,3505.88
2024-05-21,Nordeste,74,Cliente 074,Produto_13,Limpeza,158.03,780.38
2024-05-21,Nordeste,67,Cliente 067,Produto_02,Bebidas,124.56,2091.75
2024-05-21,Sul,22,Cliente 022,Produto_11,Higiene,70.86,2449.01
2024-05-21,Centro-Oeste,26,Cliente 026,Produto_05,Alimentos,33.43,3130.59
2024-05-21,Nordeste,65,Cliente 065,Produto_04,Bebidas,98.88,946.78
2024-05-22,Sudeste,52,Cliente 052,Produto_09,Higiene,107.67,3534.41
2024-05-22,Norte,87,Cliente 087,Produto_02,Bebidas,211.36,2068.87
2024-05-22,Centro-Oeste,110,Cliente 110,Produto_06,Alimentos,35.78,3461.7
2024-05-22,Sudeste,15,Cliente 015,Produto_13,Limpeza,156.24,638.77
2024-05-23,Nordeste,14,Cliente 014,Produto_07,Alimentos,150.9,3040.37
2024-05-23,Norte,100,Cliente 100,Produto_06,Alimentos,99.71,3610.95
2024-05-23,Sul,13,Cliente 013,Produto_05,Alimentos,61.43,3118.4
2024-05-23,Centro-Oeste,114,Cliente 114,Produto_10,Higiene,43.58,627.32
2024-05-23,Sudeste,103,Cliente 103,Produto_11,Higiene,71.21,1436.25
2024-05-24,Sul,84,Cliente 084,Produto_08,Alimentos,82.94,4839.84
2024-05-24,Norte,100,Cliente 100,Produto_10,Higiene,100.9,3610.95
2024-05-24,Sudeste,70,Cliente 070,Produto_04,Bebidas,88.52,2361.6
2024-05-25,Centro-Oeste,96,Cliente 096,Produto_06,Alimentos,150.94,271.52
2024-05-25,Sul,73,Cliente 073,Produto_11,Higiene,155.81,2937.93
2024-05-25,Sul,13,Cliente 013,Produto_06,Alimentos,60.82,3118.4
2024-05-27,Nordeste,49,Cliente 049,Produto_07,Alimentos,109.66,3111.56
2024-05-28,Nordeste,6,Cliente 006,Produto_09,Higiene,121.49,1648.8
2024-05-28,Norte,46,Cliente 046,Produto_13,Limpeza,131.7,3120.34
2024-05-28,Norte,56,Cliente 056,Produto_06,Alimentos,258.31,3387.57
2024-05-29,Nordeste,60,Cliente 060,Produto_12,Limpeza,9.24,3220.54
2024-05-29,Sul,73,Cliente 073,Produto_06,Alimentos,77.4,2937.93
2024-05-29,Sul,113,Cliente 113,Produto_10,Higiene,71.32,7180.73
2024-05-30,Centro-Oeste,55,Cliente 055,Produto_13,Limpeza,159.01,4868.09
2024-05-31,Sul,48,Cliente 048,Produto_08,Alimentos,57.2,2977.27
2024-05-31,Nordeste,76,Cliente 076,Produto_01,Bebidas,142.66,2809.66
2024-05-31,Centro-Oeste,9,Cliente 009,Produto_14,Limpeza,83.26,2692.74
2024-06-02,Sul,4,Cliente 004,Produto_02,Bebidas,153.2,3257.27
2024-06-02,Sudeste,79,Cliente 079,Produto_06,Alimentos,144.43,5238.49
2024-06-02,Sul,97,Cliente 097,Produto_12,Limpeza,173.13,2878.73
2024-06-02,Norte,102,Cliente 102,Produto_13,Limpeza,181.34,1688.45
2024-06-03,Nordeste,45,Cliente 045,Produto_01,Bebidas,5.0,3653.07
2024-06-03,Centro-Oeste,3,Cliente 003,Produto_12,Limpeza,166.62,2098.28
2024-06-03,Sul,36,Cliente 036,Produto_06,Alimentos,68.77,6862.81
2024-06-04,Nordeste,58,Cliente 058,Produto_09,Higiene,29.03,1306.03
2024-06-04,Norte,56,Cliente 056,Produto_08,Alimentos,151.57,3387.57
2024-06-04,Sudeste,1,Cliente 001,Produto_06,Alimentos,170.27,2672.38
2024-06-04,Centro-Oeste,26,Cliente 026,Produto_13,Limpeza,80.46,3130.59
2024-06-06,Centro-Oeste,37,Cliente 037,Produto_04,Bebidas,281.61,1269.3
2024-06-06,Nordeste,16,Cliente 016,Produto_08,Alimentos,157.74,1770.69
2024-06-07,Nordeste,16,Cliente 016,Produto_05,Alimentos,52.99,1770.69
2024-06-08,Centro-Oeste,27,Cliente 027,Produto_07,Alimentos,72.04,5430.32
2024-06-08,Centro-Oeste,96,Cliente 096,Produto_09,Higiene,25.62,271.52
2024-06-09,Nordeste,58,Cliente 058,Produto_12,Limpeza,72.61,1306.03
2024-06-09,Nordeste,99,Cliente 099,Produto_13,Limpeza,19.75,2284.33
2024-06-09,Nordeste,104,Cliente 104,Produto_02,Bebidas,148.69,766.96
2024-06-09,Norte,100,Cliente 100,Produto_05,Alimentos,139.68,3610.95
2024-06-10,Norte,77,Cliente 077,Produto_13,Limpeza,81.46,2614.42
2024-06-10,Sul,113,Cliente 113,Produto_09,Higiene,83.71,7180.73
2024-06-10,Sudeste,11,Cliente 011,Produto_13,Limpeza,106.53,1372.03
2024-06-11,Sudeste,20,Cliente 020,Produto_01,Bebidas,194.81,2358.59
2024-06-11,Centro-Oeste,110,Cliente 110,Produto_09,Higiene,114.79,3461.7
2024-06-11,Nordeste,49,Cliente 049,Produto_09,Higiene,90.49,3111.56
2024-06-11,Sul,81,Cliente 081,Produto_13,Limpeza,147.17,3635.87
2024-06-11,Sul,36,Cliente 036,Produto_11,Higiene,245.14,6862.81
2024-06-11,Nordeste,14,Cliente 014,Produto_05,Alimentos,115.26,3040.37
2024-06-13,Nordeste,16,Cliente 016,Produto_08,Alimentos,113.44,1770.69
2024-06-13,Norte,87,Cliente 087,Produto_13,Limpeza,91.77,2068.87
2024-06-13,Sudeste,62,Cliente 062,Produto_11,Higiene,177.69,6503.29
2024-06-14,Sul,5,Cliente 005,Produto_08,Alimentos,46.55,1238.45
2024-06-14,Sudeste,80,Cliente 080,Produto_01,Bebidas,58.48,5146.29
2024-06-14,Sudeste,108,Cliente 108,Produto_13,Limpeza,54.49,5843.4
2024-06-14,Nordeste,16,Cliente 016,Produto_06,Alimentos,109.27,1770.69
2024-06-14,Centro-Oeste,91,Cliente 091,Produto_10,Higiene,141.25,5257.22
2024-06-14,Nordeste,65,Cliente 065,Produto_03,Bebidas,94.38,946.78
2024-06-14,Centro-Oeste,93,Cliente 093,Produto_09,Higiene,17.65,4060.47
2024-06-14,Sul,81,Cliente 081,Produto_03,Bebidas,217.66,3635.87
2024-06-15,Norte,92,Cliente 092,Produto_08,Alimentos,123.69,1354.9
2024-06-15,Norte,25,Cliente 025,Produto_06,Alimentos,145.26,2145.69
2024-06-15,Sudeste,29,Cliente 029,Produto_07,Alimentos,85.93,6319.21
2024-06-16,Sul,75,Cliente 075,Produto_07,Alimentos,90.04,1149.31
2024-06-16,Sudeste,32,Cliente 032,Produto_10,Higiene,9.18,1555.9
2024-06-16,Sudeste,103,Cliente 103,Produto_09,Higiene,66.98,1436.25
2024-06-16,Sul,73,Cliente 073,Produto_02,Bebidas,155.88,2937.93
2024-06-16,Norte,102,Cliente 102,Produto_08,Alimentos,196.32,1688.45
2024-06-16,Centro-Oeste,91,Cliente 091,Produto_06,Alimentos,146.96,5257.22
2024-06-17,Sudeste,15,Cliente 015,Produto_08,Alimentos,144.59,638.77
2024-06-17,Sudeste,69,Cliente 069,Produto_09,Higiene,50.41,3532.96
2024-06-17,Nordeste,60,Cliente 060,Produto_13,Limpeza,165.21,3220.54
2024-06-17,Centro-Oeste,118,Cliente 118,Produto_10,Higiene,240.42,3505.88
2024-06-18,Nordeste,74,Cliente 074,Produto_03,Bebidas,90.7,780.38
2024-06-19,Nordeste,47,Cliente 047,Produto_13,Limpeza,120.87,1400.82
2024-06-19,Norte,39,Cliente 039,Produto_07,Alimentos,96.72,4429.44
2024-06-19,Sul,36,Cliente 036,Produto_12,Limpeza,163.85,6862.81
2024-06-19,Norte,87,Cliente 087,Produto_06,Alimentos,120.2,2068.87
2024-06-20,Nordeste,28,Cliente 028,Produto_12,Limpeza,160.63,4257.11
2024-06-20,Norte,115,Cliente 115,Produto_11,Higiene,39.54,6458.49
2024-06-20,Sul,4,Cliente 004,Produto_13,Limpeza,68.95,3257.27
2024-06-21,Norte,111,Cliente 111,Produto_04,Bebidas,5.0,4320.1
2024-06-21,Sudeste,80,Cliente 080,Produto_13,Limpeza,94.69,5146.29
2024-06-21,Centro-Oeste,110,Cliente 110,Produto_03,Bebidas,126.95,3461.7
2024-06-21,Sudeste,78,Cliente 078,Produto_10,Higiene,115.75,875.58
2024-06-21,Centro-Oeste,3,Cliente 003,Produto_08,Alimentos,44.4,2098.28
2024-06-22,Nordeste,44,Cliente 044,Produto_06,Alimentos,168.12,4340.18
2024-06-22,Nordeste,99,Cliente 099,Produto_12,Limpeza,207.15,2284.33
2024-06-24,Nordeste,28,Cliente 028,Produto_01,Bebidas,160.54,4257.11
2024-06-24,Centro-Oeste,114,Cliente 114,Produto_12,Limpeza,73.62,627.32
2024-06-24,Centro-Oeste,7,Cliente 007,Produto_11,Higiene,153.0,4724.66
2024-06-24,Centro-Oeste,35,Cliente 035,Produto_09,Higiene,78.39,1108.77
2024-06-25,Sul,38,Cliente 038,Produto_03,Bebidas,90.37,1926.75
2024-06-25,Norte,34,Cliente 034,Produto_07,Alimentos,96.79,2635.14
2024-06-25,Centro-Oeste,12,Cliente 012,Produto_11,Higiene,136.65,1917.65
2024-06-26,Sul,63,Cliente 063,Produto_06,Alimentos,112.71,3917.87
2024-06-26,Sudeste,1,Cliente 001,Produto_03,Bebidas,108.89,2672.38
2024-06-26,Sul,22,Cliente 022,Produto_03,Bebidas,157.34,2449.01
2024-06-26,Sudeste,108,Cliente 108,Produto_08,Alimentos,118.69,5843.4
2024-06-26,Nordeste,120,Cliente 120,Produto_04,Bebidas,121.04,1825.61
2024-06-27,Centro-Oeste,118,Cliente 118,Produto_08,Alimentos,45.6,3505.88
2024-06-28,Sudeste,108,Cliente 108,Produto_05,Alimentos,153.68,5843.4
2024-06-28,Sul,75,Cliente 075,Produto_12,Limpeza,86.48,1149.31
2024-06-28,Sudeste,78,Cliente 078,Produto_05,Alimentos,76.08,875.58
2024-06-28,Norte,24,Cliente 024,Produto_04,Bebidas,224.36,10947.0
2024-06-28,Sudeste,11,Cliente 011,Produto_02,Bebidas,126.72,1372.03
2024-06-29,Centro-Oeste,94,Cliente 094,Produto_01,Bebidas,93.12,2589.29
2024-06-29,Sul,72,Cliente 072,Produto_10,Higiene,147.1,564.3
2024-06-30,Nordeste,21,Cliente 021,Produto_07,Alimentos,173.93,321.16
2024-07-02,Nordeste,117,Cliente 117,Produto_13,Limpeza,104.41,1040.31
2024-07-02,Sudeste,80,Cliente 080,Produto_13,Limpeza,181.18,5146.29
2024-07-02,Sul,97,Cliente 097,Produto_10,Higiene,121.68,2878.73
2024-07-02,Sudeste,101,Cliente 101,Produto_14,Limpeza,151.24,4579.22
2024-07-03,Centro-Oeste,3,Cliente 003,Produto_03,Bebidas,74.82,2098.28
2024-07-03,Sudeste,30,Cliente 030,Produto_05,Alimentos,97.28,649.37
2024-07-04,Nordeste,40,Cliente 040,Produto_08,Alimentos,133.25,793.71
2024-07-05,Sudeste,32,Cliente 032,Produto_12,Limpeza,45.2,1555.9
2024-07-06,Norte,86,Cliente 086,Produto_13,Limpeza,94.2,1282.2
2024-07-06,Norte,39,Cliente 039,Produto_09,Higiene,82.79,4429.44
2024-07-07,Norte,46,Cliente 046,Produto_08,Alimentos,145.28,3120.34
2024-07-08,Centro-Oeste,35,Cliente 035,Produto_07,Alimentos,87.15,1108.77
2024-07-08,Nordeste,64,Cliente 064,Produto_07,Alimentos,222.25,1180.38
2024-07-09,Norte,85,Cliente 085,Produto_06,Alimentos,177.06,3985.46
2024-07-10,Sul,18,Cliente 018,Produto_01,Bebidas,118.77,3366.91
2024-07-10,Sul,18,Cliente 018,Produto_02,Bebidas,93.27,3366.91
2024-07-11,Nordeste,45,Cliente 045,Produto_01,Bebidas,231.55,3653.07
2024-07-11,Norte,77,Cliente 077,Produto_01,Bebidas,214.95,2614.42
2024-07-11,Sudeste,108,Cliente 108,Produto_09,Higiene,103.53,5843.4
2024-07-11,Nordeste,47,Cliente 047,Produto_02,Bebidas,175.38,1400.82
2024-07-12,Sudeste,53,Cliente 053,Produto_13,Limpeza,158.31,1047.69
2024-07-12,Centro-Oeste,55,Cliente 055,Produto_03,Bebidas,149.05,4868.09
2024-07-13,Sudeste,30,Cliente 030,Produto_09,Higiene,203.01,649.37
2024-07-14,Sul,38,Cliente 038,Produto_14,Limpeza,199.31,1926.75
2024-07-16,Nordeste,99,Cliente 099,Produto_01,Bebidas,130.16,2284.33
2024-07-16,Centro-Oeste,109,Cliente 109,Produto_02,Bebidas,117.77,1364.75
2024-07-18,Sudeste,29,Cliente 029,Produto_13,Limpeza,223.41,6319.21
2024-07-18,Sudeste,66,Cliente 066,Produto_12,Limpeza,200.28,3555.53
2024-07-18,Centro-Oeste,112,Cliente 112,Produto_08,Alimentos,136.56,994.71
2024-07-19,Norte,24,Cliente 024,Produto_12,Limpeza,145.79,10947.0
2024-07-19,Centro-Oeste,3,Cliente 003,Produto_14,Limpeza,78.66,2098.28
2024-07-19,Centro-Oeste,110,Cliente 110,Produto_07,Alimentos,38.68,3461.7
2024-07-20,Centro-Oeste,93,Cliente 093,Produto_11,Higiene,143.96,4060.47
2024-07-21,Centro-Oeste,55,Cliente 055,Produto_13,Limpeza,190.91,4868.09
2024-07-22,Sudeste,70,Cliente 070,Produto_12,Limpeza,106.88,2361.6
2024-07-22,Norte,77,Cliente 077,Produto_09,Higiene,164.52,2614.42
2024-07-23,Centro-Oeste,96,Cliente 096,Produto_10,Higiene,126.07,271.52
2024-07-24,Sudeste,108,Cliente 108,Produto_02,Bebidas,106.21,5843.4
2024-07-24,Sul,13,Cliente 013,Produto_07,Alimentos,51.62,3118.4
2024-07-24,Sudeste,1,Cliente 001,Produto_09,Higiene,84.61,2672.38
2024-07-24,Nordeste,16,Cliente 016,Produto_05,Alimentos,146.62,1770.69
2024-07-25,Sul,18,Cliente 018,Produto_10,Higiene,107.6,3366.91
2024-07-25,Norte,105,Cliente 105,Produto_13,Limpeza,149.03,4731.94
2024-07-25,Norte,34,Cliente 034,Produto_12,Limpeza,116.0,2635.14
2024-07-25,Sudeste,41,Cliente 041,Produto_09,Higiene,68.4,500.37
2024-07-26,Sudeste,103,Cliente 103,Produto_11,Higiene,133.9,1436.25
2024-07-27,Centro-Oeste,26,Cliente 026,Produto_10,Higiene,74.33,3130.59
2024-07-27,Norte,46,Cliente 046,Produto_09,Higiene,208.8,3120.34
2024-07-28,Nordeste,6,Cliente 006,Produto_08,Alimentos,114.17,1648.8
2024-07-28,Sudeste,50,Cliente 050,Produto_04,Bebidas,170.39,1356.13
2024-07-28,Centro-Oeste,107,Cliente 107,Produto_04,Bebidas,179.12,5079.71
2024-07-28,Nordeste,61,Cliente 061,Produto_05,Alimentos,168.44,2525.26
2024-07-28,Sudeste,79,Cliente 079,Produto_07,Alimentos,167.59,5238.49
2024-07-29,Norte,92,Cliente 092,Produto_11,Higiene,53.51,1354.9
2024-07-29,Norte,42,Cliente 042,Produto_07,Alimentos,146.63,2874.86
2024-07-29,Norte,92,Cliente 092,Produto_05,Alimentos,97.13,1354.9
2024-07-29,Nordeste,68,Cliente 068,Produto_02,Bebidas,105.2,4153.22
2024-07-29,Centro-Oeste,35,Cliente 035,Produto_12,Limpeza,149.6,1108.77
2024-07-30,Nordeste,104,Cliente 104,Produto_03,Bebidas,125.56,766.96
2024-07-30,Sul,72,Cliente 072,Produto_11,Higiene,22.29,564.3
2024-07-31,Norte,115,Cliente 115,Produto_14,Limpeza,137.48,6458.49
2024-07-31,Centro-Oeste,114,Cliente 114,Produto_11,Higiene,80.12,627.32
2024-08-01,Norte,34,Cliente 034,Produto_13,Limpeza,146.04,2635.14
2024-08-01,Norte,19,Cliente 019,Produto_09,Higiene,69.59,3032.65
2024-08-01,Norte,24,Cliente 024,Produto_10,Higiene,47.84,10947.0
2024-08-02,Nordeste,99,Cliente 099,Produto_14,Limpeza,47.8,2284.33
2024-08-02,Sudeste,41,Cliente 041,Produto_10,Higiene,216.01,500.37
2024-08-03,Sul,13,Cliente 013,Produto_09,Higiene,212.41,3118.4
2024-08-03,Sul,5,Cliente 005,Produto_12,Limpeza,236.81,1238.45
2024-08-03,Sudeste,80,Cliente 080,Produto_13,Limpeza,177.61,5146.29
2024-08-03,Nordeste,47,Cliente 047,Produto_03,Bebidas,141.11,1400.82
2024-08-05,Sudeste,29,Cliente 029,Produto_13,Limpeza,160.8,6319.21
2024-08-06,Norte,86,Cliente 086,Produto_06,Alimentos,16.56,1282.2
2024-08-06,Sul,116,Cliente 116,Produto_10,Higiene,18.2,622.92
2024-08-07,Sul,113,Cliente 113,Produto_01,Bebidas,108.95,7180.73
2024-08-07,Centro-Oeste,37,Cliente 037,Produto_03,Bebidas,174.37,1269.3
2024-08-07,Sul,10,Cliente 010,Produto_04,Bebidas,156.82,4884.02
2024-08-08,Norte,34,Cliente 034,Produto_07,Alimentos,80.54,2635.14
2024-08-08,Norte,86,Cliente 086,Produto_11,Higiene,87.55,1282.2
2024-08-09,Nordeste,68,Cliente 068,Produto_07,Alimentos,127.05,4153.22
2024-08-09,Sudeste,79,Cliente 079,Produto_14,Limpeza,250.6,5238.49
2024-08-09,Norte,85,Cliente 085,Produto_03,Bebidas,102.95,3985.46
2024-08-10,Sul,38,Cliente 038,Produto_06,Alimentos,160.42,1926.75
2024-08-11,Sul,10,Cliente 010,Produto_11,Higiene,147.26,4884.02
2024-08-12,Centro-Oeste,90,Cliente 090,Produto_10,Higiene,201.03,1692.94
2024-08-12,Sudeste,78,Cliente 078,Produto_10,Higiene,83.24,875.58
2024-08-12,Sul,13,Cliente 013,Produto_11,Higiene,135.8,3118.4
2024-08-12,Norte,42,Cliente 042,Produto_09,Higiene,217.95,2874.86
2024-08-13,Norte,77,Cliente 077,Produto_05,Alimentos,99.47,2614.42
2024-08-14,Centro-Oeste,12,Cliente 012,Produto_01,Bebidas,290.84,1917.65
2024-08-14,Sul,72,Cliente 072,Produto_04,Bebidas,160.4,564.3
2024-08-14,Nordeste,49,Cliente 049,Produto_06,Alimentos,152.28,3111.56
2024-08-15,Nordeste,120,Cliente 120,Produto_10,Higiene,163.06,1825.61
2024-08-15,Sudeste,80,Cliente 080,Produto_10,Higiene,71.67,5146.29
2024-08-15,Nordeste,98,Cliente 098,Produto_05,Alimentos,149.77,1257.91
2024-08-15,Nordeste,76,Cliente 076,Produto_04,Bebidas,227.63,2809.66
2024-08-15,Norte,77,Cliente 077,Produto_01,Bebidas,50.98,2614.42
2024-08-15,Nordeste,64,Cliente 064,Produto_04,Bebidas,24.98,1180.38
2024-08-15,Nordeste,60,Cliente 060,Produto_09,Higiene,102.44,3220.54
2024-08-15,Nordeste,60,Cliente 060,Produto_07,Alimentos,106.13,3220.54
2024-08-16,Nordeste,64,Cliente 064,Produto_08,Alimentos,42.5,1180.38
2024-08-16,Sul,13,Cliente 013,Produto_04,Bebidas,138.21,3118.4
2024-08-16,Sudeste,108,Cliente 108,Produto_03,Bebidas,101.76,5843.4
2024-08-17,Norte,87,Cliente 087,Produto_04,Bebidas,170.84,2068.87
2024-08-17,Sul,81,Cliente 081,Produto_02,Bebidas,165.62,3635.87
2024-08-17,Sul,13,Cliente 013,Produto_03,Bebidas,147.32,3118.4
2024-08-18,Nordeste,40,Cliente 040,Produto_02,Bebidas,112.46,793.71
2024-08-18,Norte,87,Cliente 087,Produto_12,Limpeza,153.14,2068.87
2024-08-18,Sul,38,Cliente 038,Produto_12,Limpeza,120.58,1926.75
2024-08-18,Nordeste,61,Cliente 061,Produto_07,Alimentos,72.7,2525.26
2024-08-18,Sudeste,62,Cliente 062,Produto_10,Higiene,160.0,6503.29
2024-08-18,Centro-Oeste,93,Cliente 093,Produto_03,Bebidas,112.78,4060.47
2024-08-18,Centro-Oeste,107,Cliente 107,Produto_05,Alimentos,151.89,5079.71
2024-08-19,Sul,10,Cliente 010,Produto_05,Alimentos,177.05,4884.02
2024-08-19,Norte,100,Cliente 100,Produto_01,Bebidas,21.48,3610.95
2024-08-19,Norte,46,Cliente 046,Produto_13,Limpeza,141.92,3120.34
2024-08-19,Sul,48,Cliente 048,Produto_12,Limpeza,145.31,2977.27
2024-08-19,Nordeste,104,Cliente 104,Produto_13,Limpeza,115.21,766.96
2024-08-20,Nordeste,40,Cliente 040,Produto_07,Alimentos,129.28,793.71
2024-08-20,Norte,102,Cliente 102,Produto_09,Higiene,20.37,1688.45
2024-08-20,Sudeste,15,Cliente 015,Produto_12,Limpeza,158.53,638.77
2024-08-20,Sul,5,Cliente 005,Produto_04,Bebidas,39.58,1238.45
2024-08-21,Norte,88,Cliente 088,Produto_10,Higiene,153.72,10194.8
2024-08-21,Sul,54,Cliente 054,Produto_11,Higiene,95.68,4354.92
2024-08-21,Sul,97,Cliente 097,Produto_07,Alimentos,95.06,2878.73
2024-08-22,Sudeste,53,Cliente 053,Produto_08,Alimentos,96.09,1047.69
2024-08-22,Centro-Oeste,109,Cliente 109,Produto_14,Limpeza,98.71,1364.75
2024-08-22,Sudeste,69,Cliente 069,Produto_05,Alimentos,137.45,3532.96
2024-08-22,Sul,2,Cliente 002,Produto_04,Bebidas,117.38,1964.53
2024-08-22,Sul,113,Cliente 113,Produto_11,Higiene,78.16,7180.73
2024-08-22,Sul,36,Cliente 036,Produto_02,Bebidas,179.49,6862.81
2024-08-23,Sudeste,80,Cliente 080,Produto_05,Alimentos,75.97,5146.29
2024-08-23,Norte,87,Cliente 087,Produto_12,Limpeza,141.9,2068.87
2024-08-23,Centro-Oeste,90,Cliente 090,Produto_09,Higiene,88.8,1692.94
2024-08-23,Centro-Oeste,31,Cliente 031,Produto_13,Limpeza,204.53,1030.59
2024-08-24,Norte,102,Cliente 102,Produto_09,Higiene,166.91,1688.45
2024-08-24,Norte,119,Cliente 119,Produto_13,Limpeza,252.22,2637.62
2024-08-24,Norte,77,Cliente 077,Produto_14,Limpeza,89.99,2614.42
2024-08-24,Norte,88,Cliente 088,Produto_08,Alimentos,104.6,10194.8
2024-08-24,Norte,77,Cliente 077,Produto_12,Limpeza,97.91,2614.42
2024-08-24,Sudeste,53,Cliente 053,Produto_10,Higiene,10.82,1047.69
2024-08-25,Sudeste,70,Cliente 070,Produto_13,Limpeza,20.2,2361.6
2024-08-25,Sudeste,1,Cliente 001,Produto_01,Bebidas,160.01,2672.38
2024-08-25,Sudeste,79,Cliente 079,Produto_14,Limpeza,96.6,5238.49
2024-08-26,Centro-Oeste,31,Cliente 031,Produto_05,Alimentos,103.36,1030.59
2024-08-26,Nordeste,117,Cliente 117,Produto_05,Alimentos,189.47,1040.31
2024-08-26,Centro-Oeste,94,Cliente 094,Produto_08,Alimentos,122.43,2589.29
2024-08-26,Sudeste,66,Cliente 066,Produto_13,Limpeza,130.89,3555.53
2024-08-27,Norte,100,Cliente 100,Produto_02,Bebidas,99.67,3610.95
2024-08-27,Nordeste,76,Cliente 076,Produto_05,Alimentos,150.75,2809.66
2024-08-27,Norte,25,Cliente 025,Produto_02,Bebidas,182.51,2145.69
2024-08-27,Nordeste,60,Cliente 060,Produto_01,Bebidas,80.52,3220.54
2024-08-27,Sudeste,32,Cliente 032,Produto_09,Higiene,99.46,1555.9
2024-08-28,Sudeste,41,Cliente 041,Produto_08,Alimentos,162.49,500.37
2024-08-28,Norte,100,Cliente 100,Produto_08,Alimentos,52.36,3610.95
2024-08-28,Centro-Oeste,112,Cliente 112,Produto_13,Limpeza,39.23,994.71
2024-08-29,Sul,4,Cliente 004,Produto_04,Bebidas,58.14,3257.27
2024-08-29,Sudeste,57,Cliente 057,Produto_05,Alimentos,47.49,2054.28
2024-08-29,Norte,85,Cliente 085,Produto_09,Higiene,133.2,3985.46
2024-08-30,Sul,10,Cliente 010,Produto_06,Alimentos,212.86,4884.02
2024-08-30,Norte,25,Cliente 025,Produto_09,Higiene,129.83,2145.69
2024-08-30,Norte,82,Cliente 082,Produto_03,Bebidas,123.87,3632.77
2024-08-31,Centro-Oeste,31,Cliente 031,Produto_10,Higiene,93.68,1030.59
2024-08-31,Norte,111,Cliente 111,Produto_09,Higiene,166.69,4320.1
2024-08-31,Nordeste,44,Cliente 044,Produto_03,Bebidas,77.83,4340.18
2024-08-31,Norte,95,Cliente 095,Produto_13,Limpeza,183.74,1438.57
2024-09-02,Sul,36,Cliente 036,Produto_10,Higiene,64.75,6862.81
2024-09-03,Nordeste,40,Cliente 040,Produto_14,Limpeza,23.03,793.71
2024-09-04,Norte,119,Cliente 119,Produto_04,Bebidas,26.86,2637.62
2024-09-04,Nordeste,60,Cliente 060,Produto_13,Limpeza,64.26,3220.54
2024-09-05,Sudeste,79,Cliente 079,Produto_09,Higiene,220.88,5238.49
2024-09-06,Sul,72,Cliente 072,Produto_13,Limpeza,166.17,564.3
2024-09-06,Sul,54,Cliente 054,Produto_12,Limpeza,138.52,4354.92
2024-09-06,Nordeste,60,Cliente 060,Produto_14,Limpeza,88.63,3220.54
2024-09-06,Sul,84,Cliente 084,Produto_01,Bebidas,68.33,4839.84
2024-09-07,Nordeste,21,Cliente 021,Produto_12,Limpeza,41.41,321.16
2024-09-07,Nordeste,45,Cliente 045,Produto_07,Alimentos,139.14,3653.07
2024-09-07,Nordeste,67,Cliente 067,Produto_12,Limpeza,241.11,2091.75
2024-09-09,Sudeste,23,Cliente 023,Produto_04,Bebidas,147.44,2618.46
2024-09-09,Sudeste,15,Cliente 015,Produto_01,Bebidas,126.97,638.77
2024-09-09,Sul,73,Cliente 073,Produto_11,Higiene,110.69,2937.93
2024-09-10,Sul,97,Cliente 097,Produto_03,Bebidas,257.38,2878.73
2024-09-10,Nordeste,44,Cliente 044,Produto_11,Higiene,165.48,4340.18
2024-09-10,Norte,111,Cliente 111,Produto_09,Higiene,87.69,4320.1
2024-09-11,Nordeste,47,Cliente 047,Produto_10,Higiene,144.94,1400.82
2024-09-11,Nordeste,60,Cliente 060,Produto_08,Alimentos,232.78,3220.54
2024-09-11,Nordeste,6,Cliente 006,Produto_14,Limpeza,124.26,1648.8
2024-09-12,Sudeste,50,Cliente 050,Produto_05,Alimentos,230.77,1356.13
2024-09-12,Sudeste,30,Cliente 030,Produto_13,Limpeza,111.54,649.37
2024-09-12,Norte,34,Cliente 034,Produto_07,Alimentos,45.2,2635.14
2024-09-12,Sudeste,89,Cliente 089,Produto_07,Alimentos,88.52,347.23
2024-09-12,Sul,38,Cliente 038,Produto_03,Bebidas,155.33,1926.75
2024-09-13,Norte,100,Cliente 100,Produto_12,Limpeza,127.88,3610.95
2024-09-13,Sudeste,50,Cliente 050,Produto_11,Higiene,133.83,1356.13
2024-09-13,Centro-Oeste,91,Cliente 091,Produto_01,Bebidas,47.04,5257.22
2024-09-14,Sudeste,103,Cliente 103,Produto_09,Higiene,143.82,1436.25
2024-09-14,Sudeste,1,Cliente 001,Produto_06,Alimentos,154.45,2672.38
2024-09-14,Norte,85,Cliente 085,Produto_12,Limpeza,188.51,3985.46
2024-09-16,Sudeste,20,Cliente 020,Produto_02,Bebidas,185.54,2358.59
2024-09-16,Norte,19,Cliente 019,Produto_05,Alimentos,98.44,3032.65
2024-09-17,Nordeste,67,Cliente 067,Produto_10,Higiene,125.01,2091.75
2024-09-17,Norte,95,Cliente 095,Produto_02,Bebidas,110.2,1438.57
2024-09-18,Sul,84,Cliente 084,Produto_06,Alimentos,169.43,4839.84
2024-09-18,Nordeste,58,Cliente 058,Produto_09,Higiene,48.11,1306.03
2024-09-18,Sul,10,Cliente 010,Produto_03,Bebidas,68.53,4884.02
2024-09-18,Sudeste,50,Cliente 050,Produto_03,Bebidas,109.8,1356.13
2024-09-19,Sudeste,70,Cliente 070,Produto_04,Bebidas,67.37,2361.6
2024-09-19,Norte,100,Cliente 100,Produto_09,Higiene,183.92,3610.95
2024-09-19,Nordeste,104,Cliente 104,Produto_07,Alimentos,133.95,766.96
2024-09-20,Sudeste,33,Cliente 033,Produto_08,Alimentos,135.28,538.98
2024-09-20,Norte,42,Cliente 042,Produto_05,Alimentos,206.78,2874.86
2024-09-20,Sudeste,33,Cliente 033,Produto_07,Alimentos,171.87,538.98
2024-09-21,Sudeste,66,Cliente 066,Produto_02,Bebidas,131.67,3555.53
2024-09-21,Sudeste,89,Cliente 089,Produto_07,Alimentos,175.78,347.23
2024-09-21,Norte,111,Cliente 111,Produto_04,Bebidas,86.98,4320.1
2024-09-21,Norte,24,Cliente 024,Produto_09,Higiene,130.99,10947.0
2024-09-22,Centro-Oeste,93,Cliente 093,Produto_06,Alimentos,175.45,4060.47
2024-09-23,Sudeste,53,Cliente 053,Produto_09,Higiene,114.75,1047.69
2024-09-23,Norte,77,Cliente 077,Produto_05,Alimentos,55.78,2614.42
2024-09-23,Nordeste,120,Cliente 120,Produto_09,Higiene,226.12,1825.61
2024-09-24,Nordeste,117,Cliente 117,Produto_04,Bebidas,20.76,1040.31
2024-09-24,Sul,5,Cliente 005,Produto_01,Bebidas,57.98,1238.45
2024-09-24,Sul,75,Cliente 075,Produto_14,Limpeza,124.84,1149.31
2024-09-25,Norte,39,Cliente 039,Produto_14,Limpeza,160.31,4429.44
2024-09-25,Nordeste,14,Cliente 014,Produto_13,Limpeza,6.41,3040.37
2024-09-25,Nordeste,65,Cliente 065,Produto_09,Higiene,225.26,946.78
2024-09-25,Nordeste,40,Cliente 040,Produto_11,Higiene,130.52,793.71
2024-09-26,Nordeste,45,Cliente 045,Produto_08,Alimentos,132.74,3653.07
2024-09-27,Nordeste,104,Cliente 104,Produto_02,Bebidas,59.91,766.96
2024-09-27,Nordeste,76,Cliente 076,Produto_12,Limpeza,122.28,2809.66
2024-09-27,Sudeste,15,Cliente 015,Produto_08,Alimentos,146.07,638.77
2024-09-27,Centro-Oeste,3,Cliente 003,Produto_08,Alimentos,141.92,2098.28
2024-09-28,Centro-Oeste,96,Cliente 096,Produto_02,Bebidas,86.23,271.52
2024-09-28,Sudeste,32,Cliente 032,Produto_09,Higiene,204.18,1555.9
2024-09-28,Centro-Oeste,9,Cliente 009,Produto_11,Higiene,5.0,2692.74
2024-09-29,Centro-Oeste,27,Cliente 027,Produto_11,Higiene,177.96,5430.32
2024-09-29,Norte,88,Cliente 088,Produto_11,Higiene,138.66,10194.8
2024-09-30,Sudeste,23,Cliente 023,Produto_13,Limpeza,138.14,2618.46
2024-09-30,Sul,48,Cliente 048,Produto_03,Bebidas,88.5,2977.27
2024-09-30,Centro-Oeste,31,Cliente 031,Produto_13,Limpeza,183.21,1030.59
2024-10-01,Centro-Oeste,12,Cliente 012,Produto_11,Higiene,125.69,1917.65
2024-10-01,Nordeste,14,Cliente 014,Produto_07,Alimentos,157.33,3040.37
2024-10-01,Nordeste,21,Cliente 021,Produto_11,Higiene,122.62,321.16
2024-10-01,Nordeste,74,Cliente 074,Produto_05,Alimentos,113.93,780.38
2024-10-01,Nordeste,68,Cliente 068,Produto_06,Alimentos,102.4,4153.22
2024-10-01,Norte,102,Cliente 102,Produto_11,Higiene,131.65,1688.45
2024-10-03,Sul,48,Cliente 048,Produto_06,Alimentos,135.81,2977.27
2024-10-03,Sul,36,Cliente 036,Produto_11,Higiene,144.47,6862.81
2024-10-03,Sudeste,66,Cliente 066,Produto_07,Alimentos,107.3,3555.53
2024-10-03,Sudeste,79,Cliente 079,Produto_11,Higiene,166.47,5238.49
2024-10-04,Sudeste,20,Cliente 020,Produto_11,Higiene,74.35,2358.59
2024-10-04,Sudeste,62,Cliente 062,Produto_14,Limpeza,143.61,6503.29
2024-10-04,Nordeste,117,Cliente 117,Produto_13,Limpeza,90.82,1040.31
2024-10-05,Centro-Oeste,112,Cliente 112,Produto_05,Alimentos,36.16,994.71
2024-10-06,Sul,113,Cliente 113,Produto_02,Bebidas,35.7,7180.73
2024-10-06,Sudeste,17,Cliente 017,Produto_01,Bebidas,179.13,2200.5
2024-10-06,Sudeste,69,Cliente 069,Produto_11,Higiene,117.13,3532.96
2024-10-06,Nordeste,65,Cliente 065,Produto_05,Alimentos,91.39,946.78
2024-10-06,Sul,106,Cliente 106,Produto_03,Bebidas,110.21,9272.59
2024-10-06,Nordeste,45,Cliente 045,Produto_12,Limpeza,116.48,3653.07
2024-10-06,Centro-Oeste,94,Cliente 094,Produto_14,Limpeza,27.2,2589.29
2024-10-07,Nordeste,49,Cliente 049,Produto_11,Higiene,165.75,3111.56
2024-10-07,Sul,83,Cliente 083,Produto_02,Bebidas,175.71,3635.9
2024-10-08,Nordeste,64,Cliente 064,Produto_07,Alimentos,244.74,1180.38
2024-10-08,Nordeste,60,Cliente 060,Produto_08,Alimentos,199.96,3220.54
2024-10-08,Sudeste,53,Cliente 053,Produto_05,Alimentos,244.85,1047.69
2024-10-08,Sul,38,Cliente 038,Produto_03,Bebidas,159.49,1926.75
2024-10-08,Centro-Oeste,55,Cliente 055,Produto_03,Bebidas,151.37,4868.09
2024-10-09,Norte,86,Cliente 086,Produto_10,Higiene,65.39,1282.2
2024-10-09,Sudeste,53,Cliente 053,Produto_12,Limpeza,115.86,1047.69
2024-10-09,Sudeste,43,Cliente 043,Produto_12,Limpeza,103.4,3037.79
2024-10-09,Nordeste,14,Cliente 014,Produto_02,Bebidas,46.28,3040.37
2024-10-09,Sudeste,50,Cliente 050,Produto_10,Higiene,140.15,1356.13
2024-10-10,Centro-Oeste,12,Cliente 012,Produto_14,Limpeza,74.72,1917.65
2024-10-10,Sudeste,53,Cliente 053,Produto_12,Limpeza,179.25,1047.69
2024-10-11,Sudeste,57,Cliente 057,Produto_08,Alimentos,5.12,2054.28
2024-10-12,Sudeste,69,Cliente 069,Produto_01,Bebidas,66.31,3532.96
2024-10-13,Nordeste,74,Cliente 074,Produto_14,Limpeza,120.23,780.38
2024-10-13,Sul,36,Cliente 036,Produto_09,Higiene,92.52,6862.81
2024-10-13,Sul,48,Cliente 048,Produto_12,Limpeza,213.65,2977.27
2024-10-13,Nordeste,14,Cliente 014,Produto_09,Higiene,35.85,3040.37
2024-10-14,Norte,119,Cliente 119,Produto_04,Bebidas,132.68,2637.62
2024-10-14,Sul,5,Cliente 005,Produto_01,Bebidas,133.85,1238.45
2024-10-14,Sul,63,Cliente 063,Produto_13,Limpeza,80.88,3917.87
2024-10-15,Nordeste,14,Cliente 014,Produto_03,Bebidas,70.79,3040.37
2024-10-15,Centro-Oeste,27,Cliente 027,Produto_08,Alimentos,71.74,5430.32
2024-10-15,Nordeste,120,Cliente 120,Produto_13,Limpeza,107.88,1825.61
2024-10-15,Norte,19,Cliente 019,Produto_10,Higiene,64.78,3032.65
2024-10-15,Centro-Oeste,55,Cliente 055,Produto_13,Limpeza,127.63,4868.09
2024-10-16,Sul,5,Cliente 005,Produto_06,Alimentos,132.51,1238.45
2024-10-17,Nordeste,67,Cliente 067,Produto_05,Alimentos,241.68,2091.75
2024-10-17,Centro-Oeste,7,Cliente 007,Produto_08,Alimentos,76.21,4724.66
2024-10-18,Sudeste,43,Cliente 043,Produto_06,Alimentos,135.33,3037.79
2024-10-18,Norte,86,Cliente 086,Produto_07,Alimentos,9.37,1282.2
2024-10-18,Nordeste,61,Cliente 061,Produto_05,Alimentos,118.49,2525.26
2024-10-18,Norte,105,Cliente 105,Produto_06,Alimentos,135.88,4731.94
2024-10-19,Norte,111,Cliente 111,Produto_08,Alimentos,200.41,4320.1
2024-10-19,Sudeste,59,Cliente 059,Produto_06,Alimentos,96.79,2353.65
2024-10-19,Norte,115,Cliente 115,Produto_10,Higiene,117.42,6458.49
2024-10-20,Norte,105,Cliente 105,Produto_05,Alimentos,135.95,4731.94
2024-10-20,Nordeste,47,Cliente 047,Produto_06,Alimentos,189.22,1400.82
2024-10-21,Sudeste,11,Cliente 011,Produto_10,Higiene,80.93,1372.03
2024-10-21,Norte,86,Cliente 086,Produto_11,Higiene,139.77,1282.2
2024-10-21,Sudeste,51,Cliente 051,Produto_13,Limpeza,229.35,8133.11
2024-10-22,Norte,42,Cliente 042,Produto_12,Limpeza,133.57,2874.86
2024-10-22,Sul,48,Cliente 048,Produto_14,Limpeza,129.38,2977.27
2024-10-22,Nordeste,60,Cliente 060,Produto_13,Limpeza,208.05,3220.54
2024-10-22,Nordeste,67,Cliente 067,Produto_01,Bebidas,29.61,2091.75
2024-10-22,Sul,38,Cliente 038,Produto_01,Bebidas,255.91,1926.75
2024-10-25,Sul,73,Cliente 073,Produto_13,Limpeza,11.98,2937.93
2024-10-25,Centro-Oeste,109,Cliente 109,Produto_03,Bebidas,170.77,1364.75
2024-10-26,Sul,48,Cliente 048,Produto_07,Alimentos,228.66,2977.27
2024-10-28,Nordeste,68,Cliente 068,Produto_04,Bebidas,115.52,4153.22
2024-10-28,Sudeste,41,Cliente 041,Produto_13,Limpeza,123.45,500.37
2024-10-28,Norte,87,Cliente 087,Produto_03,Bebidas,182.64,2068.87
2024-10-28,Norte,19,Cliente 019,Produto_02,Bebidas,116.9,3032.65
2024-10-29,Norte,46,Cliente 046,Produto_10,Higiene,147.19,3120.34
2024-10-29,Nordeste,14,Cliente 014,Produto_02,Bebidas,192.2,3040.37
2024-10-29,Norte,92,Cliente 092,Produto_10,Higiene,78.03,1354.9
2024-10-29,Norte,86,Cliente 086,Produto_07,Alimentos,180.79,1282.2
2024-10-29,Sudeste,23,Cliente 023,Produto_06,Alimentos,77.55,2618.46
2024-10-29,Nordeste,58,Cliente 058,Produto_14,Limpeza,36.34,1306.03
2024-10-29,Centro-Oeste,31,Cliente 031,Produto_06,Alimentos,148.48,1030.59
2024-10-29,Norte,39,Cliente 039,Produto_02,Bebidas,68.77,4429.44
2024-10-30,Sul,13,Cliente 013,Produto_04,Bebidas,55.81,3118.4
2024-10-30,Nordeste,58,Cliente 058,Produto_05,Alimentos,92.92,1306.03
2024-10-30,Sudeste,89,Cliente 089,Produto_14,Limpeza,140.3,347.23
2024-10-31,Sudeste,53,Cliente 053,Produto_12,Limpeza,57.17,1047.69
2024-10-31,Centro-Oeste,109,Cliente 109,Produto_05,Alimentos,89.75,1364.75
2024-10-31,Nordeste,104,Cliente 104,Produto_06,Alimentos,134.92,766.96
2024-11-02,Norte,92,Cliente 092,Produto_07,Alimentos,207.64,1354.9
2024-11-02,Sudeste,59,Cliente 059,Produto_11,Higiene,92.12,2353.65
2024-11-02,Centro-Oeste,9,Cliente 009,Produto_07,Alimentos,120.81,2692.74
2024-11-02,Centro-Oeste,90,Cliente 090,Produto_07,Alimentos,154.0,1692.94
2024-11-03,Centro-Oeste,118,Cliente 118,Produto_11,Higiene,158.13,3505.88
2024-11-03,Centro-Oeste,8,Cliente 008,Produto_13,Limpeza,171.18,3192.19
2024-11-03,Centro-Oeste,55,Cliente 055,Produto_08,Alimentos,144.65,4868.09
2024-11-03,Centro-Oeste,35,Cliente 035,Produto_06,Alimentos,85.23,1108.77
2024-11-03,Sudeste,23,Cliente 023,Produto_08,Alimentos,5.0,2618.46
2024-11-04,Centro-Oeste,7,Cliente 007,Produto_05,Alimentos,181.34,4724.66
2024-11-04,Sudeste,66,Cliente 066,Produto_04,Bebidas,167.19,3555.53
2024-11-04,Norte,88,Cliente 088,Produto_03,Bebidas,102.9,10194.8
2024-11-05,Centro-Oeste,3,Cliente 003,Produto_06,Alimentos,99.97,2098.28
2024-11-05,Norte,34,Cliente 034,Produto_06,Alimentos,322.93,2635.14
2024-11-05,Centro-Oeste,112,Cliente 112,Produto_09,Higiene,5.0,994.71
2024-11-05,Sudeste,29,Cliente 029,Produto_06,Alimentos,159.25,6319.21
2024-11-06,Nordeste,98,Cliente 098,Produto_06,Alimentos,187.46,1257.91
2024-11-06,Sul,18,Cliente 018,Produto_10,Higiene,85.57,3366.91
2024-11-06,Sudeste,50,Cliente 050,Produto_05,Alimentos,94.25,1356.13
2024-11-06,Norte,87,Cliente 087,Produto_01,Bebidas,104.92,2068.87
2024-11-06,Sul,18,Cliente 018,Produto_05,Alimentos,21.08,3366.91
2024-11-07,Centro-Oeste,9,Cliente 009,Produto_12,Limpeza,82.15,2692.74
2024-11-07,Sudeste,29,Cliente 029,Produto_12,Limpeza,197.62,6319.21
2024-11-07,Sul,75,Cliente 075,Produto_11,Higiene,113.47,1149.31
2024-11-08,Sudeste,62,Cliente 062,Produto_09,Higiene,204.29,6503.29
2024-11-08,Nordeste,28,Cliente 028,Produto_07,Alimentos,28.58,4257.11
2024-11-09,Sul,63,Cliente 063,Produto_02,Bebidas,197.93,3917.87
2024-11-09,Nordeste,120,Cliente 120,Produto_13,Limpeza,108.27,1825.61
2024-11-11,Nordeste,120,Cliente 120,Produto_10,Higiene,61.8,1825.61
2024-11-11,Centro-Oeste,55,Cliente 055,Produto_03,Bebidas,131.95,4868.09
2024-11-11,Centro-Oeste,31,Cliente 031,Produto_12,Limpeza,63.46,1030.59
2024-11-11,Sul,116,Cliente 116,Produto_10,Higiene,112.52,622.92
2024-11-12,Sul,97,Cliente 097,Produto_11,Higiene,34.34,2878.73
2024-11-12,Sudeste,89,Cliente 089,Produto_02,Bebidas,114.83,347.23
2024-11-12,Sudeste,17,Cliente 017,Produto_13,Limpeza,105.98,2200.5
2024-11-12,Norte,105,Cliente 105,Produto_12,Limpeza,146.65,4731.94
2024-11-12,Centro-Oeste,112,Cliente 112,Produto_02,Bebidas,161.55,994.71
2024-11-13,Norte,111,Cliente 111,Produto_02,Bebidas,240.91,4320.1
2024-11-13,Norte,102,Cliente 102,Produto_13,Limpeza,126.03,1688.45
2024-11-13,Centro-Oeste,27,Cliente 027,Produto_11,Higiene,137.07,5430.32
2024-11-13,Norte,88,Cliente 088,Produto_07,Alimentos,60.02,10194.8
2024-11-13,Nordeste,28,Cliente 028,Produto_04,Bebidas,76.22,4257.11
2024-11-13,Sul,18,Cliente 018,Produto_02,Bebidas,5.0,3366.91
2024-11-13,Norte,56,Cliente 056,Produto_01,Bebidas,112.04,3387.57
2024-11-14,Sudeste,43,Cliente 043,Produto_10,Higiene,118.48,3037.79
2024-11-14,Sudeste,57,Cliente 057,Produto_09,Higiene,90.52,2054.28
2024-11-14,Nordeste,98,Cliente 098,Produto_06,Alimentos,31.89,1257.91
2024-11-15,Centro-Oeste,26,Cliente 026,Produto_09,Higiene,297.7,3130.59
2024-11-15,Nordeste,45,Cliente 045,Produto_01,Bebidas,236.39,3653.07
2024-11-16,Sudeste,70,Cliente 070,Produto_08,Alimentos,130.33,2361.6
2024-11-16,Norte,102,Cliente 102,Produto_05,Alimentos,24.84,1688.45
2024-11-16,Sul,63,Cliente 063,Produto_12,Limpeza,102.19,3917.87
2024-11-17,Sudeste,11,Cliente 011,Produto_11,Higiene,164.71,1372.03
2024-11-17,Sudeste,53,Cliente 053,Produto_12,Limpeza,82.02,1047.69
2024-11-17,Centro-Oeste,91,Cliente 091,Produto_09,Higiene,233.11,5257.22
2024-11-17,Norte,95,Cliente 095,Produto_05,Alimentos,86.34,1438.57
2024-11-17,Sul,5,Cliente 005,Produto_03,Bebidas,88.55,1238.45
2024-11-18,Sul,36,Cliente 036,Produto_12,Limpeza,73.52,6862.81
2024-11-18,Norte,24,Cliente 024,Produto_02,Bebidas,68.6,10947.0
2024-11-18,Centro-Oeste,9,Cliente 009,Produto_08,Alimentos,193.11,2692.74
2024-11-18,Norte,39,Cliente 039,Produto_05,Alimentos,228.53,4429.44
2024-11-18,Nordeste,98,Cliente 098,Produto_07,Alimentos,118.23,1257.91
2024-11-19,Centro-Oeste,112,Cliente 112,Produto_05,Alimentos,150.97,994.71
2024-11-19,Centro-Oeste,110,Cliente 110,Produto_14,Limpeza,109.01,3461.7
2024-11-19,Norte,95,Cliente 095,Produto_08,Alimentos,78.78,1438.57
2024-11-20,Nordeste,99,Cliente 099,Produto_11,Higiene,64.49,2284.33
2024-11-20,Norte,92,Cliente 092,Produto_09,Higiene,157.03,1354.9
2024-11-20,Sudeste,66,Cliente 066,Produto_05,Alimentos,135.33,3555.53
2024-11-20,Sudeste,66,Cliente 066,Produto_13,Limpeza,146.47,3555.53
2024-11-21,Sul,97,Cliente 097,Produto_13,Limpeza,54.32,2878.73
2024-11-21,Sul,81,Cliente 081,Produto_08,Alimentos,218.8,3635.87
2024-11-21,Centro-Oeste,91,Cliente 091,Produto_14,Limpeza,216.01,5257.22
2024-11-21,Sul,116,Cliente 116,Produto_12,Limpeza,113.43,622.92
2024-11-22,Norte,42,Cliente 042,Produto_03,Bebidas,72.22,2874.86
2024-11-22,Centro-Oeste,7,Cliente 007,Produto_12,Limpeza,130.04,4724.66
2024-11-22,Centro-Oeste,12,Cliente 012,Produto_02,Bebidas,99.6,1917.65
2024-11-22,Sul,13,Cliente 013,Produto_04,Bebidas,74.42,3118.4
2024-11-22,Sudeste,33,Cliente 033,Produto_12,Limpeza,69.63,538.98
2024-11-22,Centro-Oeste,107,Cliente 107,Produto_13,Limpeza,188.49,5079.71
2024-11-22,Nordeste,16,Cliente 016,Produto_01,Bebidas,139.64,1770.69
2024-11-22,Nordeste,49,Cliente 049,Produto_06,Alimentos,110.12,3111.56
2024-11-23,Centro-Oeste,96,Cliente 096,Produto_01,Bebidas,206.12,271.52
2024-11-23,Nordeste,21,Cliente 021,Produto_11,Higiene,136.24,321.16
2024-11-23,Centro-Oeste,112,Cliente 112,Produto_05,Alimentos,151.7,994.71
2024-11-24,Centro-Oeste,37,Cliente 037,Produto_09,Higiene,136.02,1269.3
2024-11-24,Norte,34,Cliente 034,Produto_10,Higiene,145.1,2635.14
2024-11-25,Norte,34,Cliente 034,Produto_03,Bebidas,151.18,2635.14
2024-11-25,Centro-Oeste,3,Cliente 003,Produto_09,Higiene,216.55,2098.28
2024-11-26,Sudeste,15,Cliente 015,Produto_10,Higiene,233.39,638.77
2024-11-26,Sudeste,70,Cliente 070,Produto_13,Limpeza,128.2,2361.6
2024-11-26,Centro-Oeste,112,Cliente 112,Produto_05,Alimentos,88.94,994.71
2024-11-26,Sul,4,Cliente 004,Produto_10,Higiene,193.65,3257.27
2024-11-27,Norte,42,Cliente 042,Produto_03,Bebidas,60.86,2874.86
2024-11-27,Sudeste,108,Cliente 108,Produto_07,Alimentos,227.45,5843.4
2024-11-29,Sul,10,Cliente 010,Produto_05,Alimentos,81.23,4884.02
2024-11-29,Norte,115,Cliente 115,Produto_14,Limpeza,171.36,6458.49
2024-11-29,Sudeste,78,Cliente 078,Produto_14,Limpeza,119.53,875.58
2024-11-29,Norte,39,Cliente 039,Produto_05,Alimentos,116.07,4429.44
2024-11-30,Sul,22,Cliente 022,Produto_04,Bebidas,144.09,2449.01
2024-12-01,Centro-Oeste,3,Cliente 003,Produto_07,Alimentos,150.23,2098.28
2024-12-01,Sudeste,17,Cliente 017,Produto_05,Alimentos,99.29,2200.5
2024-12-01,Sudeste,103,Cliente 103,Produto_08,Alimentos,64.92,1436.25
2024-12-01,Nordeste,120,Cliente 120,Produto_05,Alimentos,324.58,1825.61
2024-12-01,Norte,24,Cliente 024,Produto_10,Higiene,84.89,10947.0
2024-12-02,Norte,95,Cliente 095,Produto_12,Limpeza,161.29,1438.57
2024-12-02,Nordeste,74,Cliente 074,Produto_04,Bebidas,14.06,780.38
2024-12-02,Norte,56,Cliente 056,Produto_04,Bebidas,191.59,3387.57
2024-12-02,Nordeste,58,Cliente 058,Produto_03,Bebidas,108.2,1306.03
2024-12-03,Norte,77,Cliente 077,Produto_14,Limpeza,155.46,2614.42
2024-12-03,Sudeste,80,Cliente 080,Produto_03,Bebidas,114.72,5146.29
2024-12-03,Sudeste,23,Cliente 023,Produto_07,Alimentos,201.66,2618.46
2024-12-03,Sul,84,Cliente 084,Produto_01,Bebidas,270.29,4839.84
2024-12-03,Centro-Oeste,37,Cliente 037,Produto_02,Bebidas,52.54,1269.3
2024-12-03,Sul,48,Cliente 048,Produto_11,Higiene,190.58,2977.27
2024-12-04,Norte,77,Cliente 077,Produto_08,Alimentos,268.84,2614.42
2024-12-05,Norte,100,Cliente 100,Produto_12,Limpeza,141.76,3610.95
2024-12-05,Nordeste,99,Cliente 099,Produto_07,Alimentos,57.68,2284.33
2024-12-05,Centro-Oeste,8,Cliente 008,Produto_11,Higiene,191.38,3192.19
2024-12-05,Nordeste,104,Cliente 104,Produto_02,Bebidas,136.17,766.96
2024-12-06,Sudeste,70,Cliente 070,Produto_01,Bebidas,125.88,2361.6
2024-12-06,Sudeste,53,Cliente 053,Produto_09,Higiene,75.73,1047.69
2024-12-06,Sudeste,52,Cliente 052,Produto_03,Bebidas,212.54,3534.41
2024-12-07,Sudeste,41,Cliente 041,Produto_06,Alimentos,163.85,500.37
2024-12-07,Nordeste,14,Cliente 014,Produto_14,Limpeza,105.78,3040.37
2024-12-07,Nordeste,6,Cliente 006,Produto_07,Alimentos,239.2,1648.8
2024-12-07,Nordeste,61,Cliente 061,Produto_06,Alimentos,93.2,2525.26
2024-12-08,Norte,71,Cliente 071,Produto_14,Limpeza,104.15,1192.59
2024-12-08,Sul,38,Cliente 038,Produto_04,Bebidas,192.1,1926.75
2024-12-08,Sul,72,Cliente 072,Produto_11,Higiene,158.94,564.3
2024-12-08,Norte,92,Cliente 092,Produto_14,Limpeza,185.17,1354.9
2024-12-09,Centro-Oeste,26,Cliente 026,Produto_06,Alimentos,49.38,3130.59
2024-12-09,Nordeste,76,Cliente 076,Produto_01,Bebidas,271.66,2809.66
2024-12-09,Norte,24,Cliente 024,Produto_04,Bebidas,116.07,10947.0
2024-12-10,Sudeste,101,Cliente 101,Produto_04,Bebidas,135.32,4579.22
2024-12-10,Nordeste,120,Cliente 120,Produto_11,Higiene,55.72,1825.61
2024-12-10,Sudeste,51,Cliente 051,Produto_09,Higiene,180.77,8133.11
2024-12-11,Norte,24,Cliente 024,Produto_12,Limpeza,69.14,10947.0
2024-12-12,Sudeste,29,Cliente 029,Produto_07,Alimentos,161.63,6319.21
2024-12-12,Nordeste,47,Cliente 047,Produto_14,Limpeza,185.24,1400.82
2024-12-12,Nordeste,58,Cliente 058,Produto_07,Alimentos,125.88,1306.03
2024-12-12,Sudeste,53,Cliente 053,Produto_02,Bebidas,119.19,1047.69
2024-12-12,Nordeste,16,Cliente 016,Produto_10,Higiene,177.58,1770.69
2024-12-13,Sul,18,Cliente 018,Produto_02,Bebidas,165.41,3366.91
2024-12-14,Sudeste,59,Cliente 059,Produto_01,Bebidas,76.86,2353.65
2024-12-14,Norte,87,Cliente 087,Produto_09,Higiene,98.59,2068.87
2024-12-15,Sul,48,Cliente 048,Produto_02,Bebidas,208.48,2977.27
2024-12-15,Centro-Oeste,55,Cliente 055,Produto_14,Limpeza,133.21,4868.09
2024-12-16,Sudeste,79,Cliente 079,Produto_06,Alimentos,264.01,5238.49
2024-12-17,Centro-Oeste,35,Cliente 035,Produto_12,Limpeza,188.57,1108.77
2024-12-17,Sul,97,Cliente 097,Produto_08,Alimentos,185.17,2878.73
2024-12-17,Norte,115,Cliente 115,Produto_08,Alimentos,94.55,6458.49
2024-12-18,Nordeste,6,Cliente 006,Produto_12,Limpeza,184.39,1648.8
2024-12-18,Centro-Oeste,94,Cliente 094,Produto_12,Limpeza,230.73,2589.29
2024-12-18,Nordeste,104,Cliente 104,Produto_13,Limpeza,146.48,766.96
2024-12-18,Nordeste,117,Cliente 117,Produto_03,Bebidas,171.99,1040.31
2024-12-19,Sudeste,101,Cliente 101,Produto_09,Higiene,170.59,4579.22
2024-12-19,Sudeste,108,Cliente 108,Produto_04,Bebidas,120.92,5843.4
2024-12-20,Sul,106,Cliente 106,Produto_10,Higiene,121.44,9272.59
2024-12-21,Sul,113,Cliente 113,Produto_03,Bebidas,71.46,7180.73
2024-12-22,Nordeste,49,Cliente 049,Produto_03,Bebidas,205.88,3111.56
2024-12-22,Sudeste,51,Cliente 051,Produto_03,Bebidas,70.82,8133.11
2024-12-23,Centro-Oeste,118,Cliente 118,Produto_10,Higiene,79.79,3505.88
2024-12-23,Sudeste,59,Cliente 059,Produto_10,Higiene,5.0,2353.65
2024-12-23,Norte,39,Cliente 039,Produto_04,Bebidas,246.86,4429.44
2024-12-23,Centro-Oeste,109,Cliente 109,Produto_03,Bebidas,185.73,1364.75
2024-12-23,Centro-Oeste,90,Cliente 090,Produto_02,Bebidas,192.64,1692.94
2024-12-24,Sul,116,Cliente 116,Produto_04,Bebidas,99.24,622.92
2024-12-25,Sudeste,41,Cliente 041,Produto_13,Limpeza,55.51,500.37
2024-12-25,Norte,77,Cliente 077,Produto_05,Alimentos,75.96,2614.42
2024-12-25,Sudeste,108,Cliente 108,Produto_07,Alimentos,129.52,5843.4
2024-12-26,Sul,5,Cliente 005,Produto_02,Bebidas,123.84,1238.45
2024-12-26,Norte,95,Cliente 095,Produto_13,Limpeza,377.93,1438.57
2024-12-26,Sudeste,29,Cliente 029,Produto_02,Bebidas,113.16,6319.21
2024-12-27,Centro-Oeste,93,Cliente 093,Produto_02,Bebidas,116.86,4060.47
2024-12-27,Centro-Oeste,110,Cliente 110,Produto_03,Bebidas,233.27,3461.7
2024-12-27,Sul,22,Cliente 022,Produto_10,Higiene,147.48,2449.01
2024-12-27,Norte,119,Cliente 119,Produto_09,Higiene,106.89,2637.62
2024-12-29,Norte,56,Cliente 056,Produto_10,Higiene,105.05,3387.57
2024-12-29,Centro-Oeste,26,Cliente 026,Produto_05,Alimentos,167.99,3130.59
2024-12-30,Centro-Oeste,7,Cliente 007,Produto_02,Bebidas,121.04,4724.66
2024-12-30,Sudeste,53,Cliente 053,Produto_01,Bebidas,236.34,1047.69
